"","i","asc1","desc1","p"
"1",1,0.857566430259748,0.928586407918063,-961.648943151356
"2",2,1.00927425723908,0.997304282761537,-961.345643869873
"3",3,1.01347964964384,0.957683233965273,-960.467174657054
"4",4,0.843517499180541,0.763007688368717,-954.496117237812
"5",5,0.77382839590449,0.701021537810594,-951.291546211012
"6",6,0.717236065975542,0.690305910978735,-948.532321178559
"7",7,0.689190118727218,0.605901711982919,-949.754587353515
"8",8,0.693546490399044,0.686032407200615,-948.549622316961
"9",9,0.725291972294864,0.711657855234504,-949.300010095368
"10",10,0.724889333591713,0.717651947400267,-949.624161774702
"11",11,0.717031530729987,0.676699128313449,-948.355044740806
"12",12,0.726113869541378,0.682254267605938,-948.666763418504
"13",13,0.700599966279062,0.689805896441487,-948.599334556638
"14",14,0.714850598905247,0.709106151737056,-949.361182621071
"15",15,0.702577365797251,0.626385518481173,-949.367416142427
"16",16,0.583565509707279,0.504309613466578,-948.004642948699
"17",17,0.588330530238301,0.502634446217411,-948.88339640894
"18",18,0.482746322239894,0.451996770258209,-946.244645347437
"19",19,0.492222490598889,0.455216249342803,-946.038972383198
"20",20,0.506457106008805,0.463050129184295,-945.863378356586
"21",21,0.481571165550493,0.458043798516763,-946.300608858343
"22",22,0.501985237492924,0.462243291721225,-945.846587301874
"23",23,0.501800787828794,0.473664706672517,-945.708201380261
"24",24,0.506364830652209,0.514634136185841,-946.983825465155
"25",25,0.504737620569327,0.4780055952499,-945.65235402711
"26",26,0.531266270791034,0.535178037109363,-946.503825792942
"27",27,0.516244386921119,0.453434580109485,-946.943826986101
"28",28,0.508776737826978,0.466637059336561,-945.765866226907
"29",29,0.536554499362344,0.525616697144807,-945.688400673969
"30",30,0.578686554662464,0.564198544504785,-945.650170529387
"31",31,0.55281864881235,0.526394912657249,-945.187744029084
"32",32,0.562018527883579,0.519602139540689,-945.270907724131
"33",33,0.560177806584615,0.531261115197792,-945.167201175542
"34",34,0.593137785298571,0.590781787425916,-946.44614928213
"35",35,0.62816643381179,0.592539578881034,-945.939905793073
"36",36,0.600611607008065,0.542225641033764,-946.162648562798
"37",37,0.597470520057525,0.562988473707113,-945.433365470621
"38",38,0.618570945488746,0.559463939727145,-946.417943538038
"39",39,0.61330122711697,0.555226869237165,-946.288545813109
"40",40,0.585798203477672,0.573196921582296,-945.805324277135
"41",41,0.601458630940238,0.588673592920609,-946.007902674323
"42",42,0.642378480655556,0.657008515937436,-948.627213737305
"43",43,0.62365954345828,0.585307875588446,-945.859971160149
"44",44,0.611745452900827,0.545774142403567,-946.794482808539
"45",45,0.615176336602203,0.580809998435331,-945.700372590867
"46",46,0.60339139171326,0.586072180732444,-945.849736401978
"47",47,0.613967361600596,0.578390125830427,-945.6788951868
"48",48,0.613082114395124,0.568986377659149,-945.754992005065
"49",49,0.584916213277039,0.576505474787949,-945.998910244185
"50",50,0.58898721557288,0.535379684023705,-945.803769716194
"51",51,0.598385504088729,0.596911323182063,-946.577279710588
"52",52,0.607053695339847,0.563684855236232,-945.650868147702
"53",53,0.612238132276193,0.586505860886244,-945.749953662867
"54",54,0.626194418854652,0.573237723733117,-946.237920909803
"55",55,0.607356362518028,0.629190921866114,-948.382918844381
"56",56,0.635552474628319,0.552147834826571,-948.819003993979
"57",57,0.556132107760291,0.523179796722085,-945.145456870697
"58",58,0.574624992512143,0.513448638286199,-946.203613021159
"59",59,0.537093622823886,0.472839615940012,-946.690974793655
"60",60,0.485560975895542,0.478201015402897,-946.633883965167
"61",61,0.530105707689761,0.527645480835674,-946.144956829922
"62",62,0.558897610509345,0.498879714102171,-946.139227821561
"63",63,0.534058606319219,0.503740191773703,-945.225228416963
"64",64,0.544026648613097,0.521405900971065,-945.268875454989
"65",65,0.557761052596512,0.537008100039311,-945.311427967703
"66",66,0.558744493256868,0.532778648064625,-945.200895715115
"67",67,0.547373943793131,0.50862331412583,-945.212230326228
"68",68,0.527120652749338,0.483244910030295,-945.511843642042
"69",69,0.542994439844569,0.549328175348613,-946.625218600339
"70",70,0.598852023460127,0.565697445402941,-945.453673125603
"71",71,0.561931147640308,0.585197223277478,-947.813526233057
"72",72,0.549607752159956,0.578955952456355,-948.103947969857
"73",73,0.566102012339487,0.525526390749063,-945.238528773776
"74",74,0.552788403924165,0.521479064605257,-945.146808414821
"75",75,0.571244166256278,0.545252355992549,-945.252763110091
"76",76,0.582794442443105,0.56398330647476,-945.529132034962
"77",77,0.604342697300324,0.565066595103068,-945.550689830316
"78",78,0.601748977431635,0.564156966320678,-945.500383459515
"79",79,0.601811544734282,0.568959031167959,-945.495494012507
"80",80,0.585719087547133,0.559284584112833,-945.366135096899
"81",81,0.591775907780409,0.567284847406985,-945.473111528743
"82",82,0.579017428232841,0.539409495870044,-945.285654300223
"83",83,0.575332314866314,0.553040800312774,-945.359915445725
"84",84,0.578728311720298,0.55819463456601,-945.436409719935
"85",85,0.626709955363782,0.617691850669172,-946.659345138164
"86",86,0.659049838456124,0.646146647982577,-947.246775229239
"87",87,0.674546214118247,0.631970023412056,-947.077265954382
"88",88,0.688100497051215,0.643209706871605,-947.484024097462
"89",89,0.658350764892804,0.637368105325341,-946.901782696066
"90",90,0.656103585922063,0.638560448137772,-946.966631124405
"91",91,0.636489604370841,0.61260179484575,-946.277872004631
"92",92,0.624943408710986,0.572298477530557,-946.204387104358
"93",93,0.605913035817768,0.564564502766135,-945.599339484261
"94",94,0.585198676864345,0.550884655990965,-945.295786282874
"95",95,0.567458619313686,0.550404467643788,-945.466845829178
"96",96,0.595315407518575,0.587529985419982,-946.165178995364
"97",97,0.627145358020981,0.616666409748685,-946.592908425227
"98",98,0.629200558878299,0.644516646774574,-948.3601149654
"99",99,0.647288360122898,0.620071248812765,-946.453775609369
"100",100,0.657620793891087,0.614905729166535,-946.638169582722
"101",101,0.653228592369279,0.670046199734873,-949.084731130037
"102",102,0.67174311383026,0.643012272524941,-947.068338839045
"103",103,0.645381306901184,0.63788926382678,-947.173143351826
"104",104,0.664854792539758,0.636635053003834,-946.887133854174
"105",105,0.665317328012116,0.616304033225266,-946.942176999359
"106",106,0.673261915933961,0.614246150557572,-947.490685660569
"107",107,0.598268107060215,0.58294343707838,-945.850279475202
"108",108,0.598427766728349,0.616148647463028,-947.915049058278
"109",109,0.657607758851218,0.645504295013249,-947.24658277043
"110",110,0.684009324553381,0.596750313065467,-950.123433104245
"111",111,0.588828672724302,0.520227934354495,-946.850121938369
"112",112,0.557588272769697,0.507202677389176,-945.557892303193
"113",113,0.545636817556018,0.556677137512627,-946.925997668391
"114",114,0.554302476492129,0.552316714415903,-946.134485274713
"115",115,0.616547187319935,0.600067895578753,-946.10912127095
"116",116,0.618758195559936,0.63032247009051,-947.847173158988
"117",117,0.673888407575471,0.658353757017834,-947.543822177016
"118",118,0.67442576680381,0.612297516081226,-947.674252463146
"119",119,0.599248532856569,0.551220593262142,-945.673167177334
"120",120,0.581268135079037,0.530146296192176,-945.637041222671
"121",121,0.561456702969028,0.512839039491963,-945.475052059819
"122",122,0.532055467817829,0.486679408589399,-945.507643996621
"123",123,0.535294124931939,0.480810364882237,-945.938987476678
"124",124,0.536046101303074,0.489426833850684,-945.515648916409
"125",125,0.493550671298732,0.4857613800261,-946.410757716006
"126",126,0.548655409186868,0.541640404254104,-945.850326136013
"127",127,0.570765298014762,0.534714386626499,-945.197770191209
"128",128,0.595265990701625,0.544374322170907,-945.736000516532
"129",129,0.544540317263364,0.579087455511597,-948.388179661786
"130",130,0.588602390532575,0.540832321381363,-945.55851909434
"131",131,0.57541251285902,0.544371623496988,-945.222748518895
"132",132,0.548230748983023,0.544562175966312,-946.02904177884
"133",133,0.594681511603864,0.514677343832004,-948.101099565468
"134",134,0.524895399314789,0.475141509002304,-945.802451194488
"135",135,0.504384566621144,0.49157920815482,-945.980067471645
"136",136,0.523404914516917,0.486959919445127,-945.373966179195
"137",137,0.518312065501538,0.479957307209074,-945.483105607749
"138",138,0.509886060357635,0.507475419650558,-946.354636061278
"139",139,0.502472888708069,0.456268531550193,-946.081176940483
"140",140,0.489679251977809,0.455784949644383,-946.05698832351
"141",141,0.495824565160281,0.46548497380603,-945.852981943036
"142",142,0.517064884376157,0.491816828607508,-945.451167496924
"143",143,0.504336178201128,0.481021283345404,-945.699657417174
"144",144,0.501802275744845,0.477515870778788,-945.739376007716
"145",145,0.538329963863037,0.529164921093092,-945.761858621604
"146",146,0.551531032469046,0.524572932144194,-945.180884369345
"147",147,0.512568890415838,0.468213855700473,-945.769222371511
"148",148,0.513799820056729,0.515221435677728,-946.506404809813
"149",149,0.585895996883544,0.549306717154416,-945.310654943859
"150",150,0.5431372754154,0.507417371435739,-945.188718648262
"151",151,0.51170810709769,0.507128025918722,-946.218736654676
"152",152,0.561636420913768,0.513793889243716,-945.443743081933
"153",153,0.531796822744103,0.490278508466462,-945.382988376568
"154",154,0.524041169080991,0.514810614332771,-945.851845649903
"155",155,0.570465498379355,0.555794559497998,-945.576283219218
"156",156,0.581611406681342,0.557889484005035,-945.379599704966
"157",157,0.596417024234503,0.542613561954712,-945.876386038014
"158",158,0.590820677210999,0.573725441864434,-945.68057470296
"159",159,0.595009025196012,0.555503701698579,-945.433606326856
"160",160,0.557601443094795,0.551481243687564,-945.913872481285
"161",161,0.589321079646379,0.564345887058789,-945.433521557478
"162",162,0.591079216224875,0.550473710336648,-945.405694992032
"163",163,0.581964803620924,0.587169335791942,-946.790518726664
"164",164,0.628420247669152,0.602083960049215,-946.045669748551
"165",165,0.634806919590455,0.589904840920312,-946.159579951302
"166",166,0.618148144173446,0.592771710041781,-945.863704046138
"167",167,0.653032800404096,0.640213195266976,-947.091427875516
"168",168,0.665516279631001,0.618587176711716,-946.901405601646
"169",169,0.65372514248817,0.627604227567265,-946.637771425055
"170",170,0.666487611947536,0.621810006609919,-946.88773449845
"171",171,0.609980285034109,0.56198987506053,-945.809085728534
"172",172,0.561757401467298,0.570730138479309,-946.858266461806
"173",173,0.635231078163328,0.637517200522261,-947.541862971689
"174",174,0.66123978641084,0.620119247886944,-946.713609558302
"175",175,0.64894254436656,0.588525144927778,-947.013793297465
"176",176,0.558169981661029,0.501602200047298,-945.901723615987
"177",177,0.561734312055275,0.541811679912963,-945.346703500514
"178",178,0.574734916217402,0.530607828140094,-945.353759902875
"179",179,0.575606809054125,0.557206664259946,-945.476922827317
"180",180,0.574328224297908,0.534057849769331,-945.266917268866
"181",181,0.545712308759925,0.530396330488706,-945.482395284045
"182",182,0.54399128795936,0.491718840842075,-945.720722040511
"183",183,0.510699646695838,0.507983232978024,-946.327164056106
"184",184,0.536012835853911,0.51444903416277,-945.327589251025
"185",185,0.526552822783786,0.494432539359017,-945.296329187102
"186",186,0.520477897603684,0.52042929154563,-946.352755940275
"187",187,0.512884698327864,0.51786322586035,-946.715627011304
"188",188,0.550657710765168,0.535837339688947,-945.498149116143
"189",189,0.553705508917933,0.535971537150284,-945.395810629722
"190",190,0.583401097775268,0.558076279095663,-945.362979548761
"191",191,0.602406172295721,0.564844305791221,-945.509170103262
"192",192,0.60634328060873,0.560503079733701,-945.697697907701
"193",193,0.608068254807257,0.57991996144323,-945.636591745885
"194",194,0.602185250392589,0.573117943956281,-945.5333205705
"195",195,0.616642659622419,0.590092169419029,-945.811637623425
"196",196,0.620360327713504,0.552311068498178,-947.05847143267
"197",197,0.549171946818673,0.555785789167881,-946.649794031536
"198",198,0.61064806900366,0.578564529237151,-945.634701611387
"199",199,0.584625136949816,0.521195457179664,-946.398571109158
"200",200,0.525683656701748,0.510075520961245,-945.580093309129
"201",201,0.540861076846226,0.50725678792524,-945.18459862638
"202",202,0.532046562063528,0.501731448416235,-945.241560265563
"203",203,0.535752241888543,0.52153220131616,-945.557058694586
"204",204,0.569299086785395,0.525616181468042,-945.319349730409
"205",205,0.534530164551335,0.505882277138256,-945.229444659653
"206",206,0.528818869102667,0.509445304606759,-945.434998957024
"207",207,0.557555372271945,0.542464269446454,-945.497972629211
"208",208,0.606160815021625,0.548934368299478,-946.154692117803
"209",209,0.550279600336897,0.489024690706658,-946.285430074299
"210",210,0.488877038324814,0.460654766854725,-946.043202817954
"211",211,0.504350150658019,0.461809874036727,-945.880275301907
"212",212,0.50974266610998,0.497524330507858,-945.908387886456
"213",213,0.504136754546951,0.521901619897823,-947.533324789155
"214",214,0.552738138535233,0.495798774888286,-945.950120674083
"215",215,0.535155925293045,0.523464343014522,-945.662529368973
"216",216,0.525565962602105,0.530910599725382,-946.620591342978
"217",217,0.60505429485294,0.594898157849749,-946.191285982643
"218",218,0.634878250362829,0.60858723249573,-946.184916851928
"219",219,0.64257497596304,0.604008616912609,-946.250720144087
"220",220,0.627724524950761,0.582032421543551,-946.039049828404
"221",221,0.569074001304952,0.579978970988544,-947.044643592548
"222",222,0.570959325910975,0.535307018530059,-945.196166432437
"223",223,0.57013733902229,0.547614931227465,-945.31799140845
"224",224,0.567058382847244,0.534736008556033,-945.171126110013
"225",225,0.564776614059775,0.54596708597426,-945.393568519213
"226",226,0.567162179947855,0.556823890685766,-945.745983429151
"227",227,0.561753642861623,0.502383542748769,-946.082106414235
"228",228,0.581424192077951,0.497713821937221,-948.613753680233
"229",229,0.540357286847612,0.490129628343232,-945.641762262936
"230",230,0.525005311697308,0.511399067417361,-945.659449423941
"231",231,0.548744469501116,0.514208187846814,-945.158766394738
"232",232,0.570186039627689,0.53321666187032,-945.20247988406
"233",233,0.574020085064223,0.536475329958772,-945.228015515334
"234",234,0.518547127936158,0.499778546921376,-945.561876696059
"235",235,0.556851086545878,0.549690632759922,-945.856749438294
"236",236,0.616976553863478,0.600676782621414,-946.124345967911
"237",237,0.633557604854704,0.661170416161685,-949.4129614634
"238",238,0.708249157674022,0.652882749766966,-948.310650390846
"239",239,0.626291080795884,0.544255618088496,-948.546183831993
"240",240,0.585182773009284,0.54912140116773,-945.300947190047
"241",241,0.600987426799105,0.590874619895702,-946.128570973998
"242",242,0.619449277124359,0.588428455189786,-945.797189180222
"243",243,0.632171807877927,0.602583131354751,-946.067801873673
"244",244,0.612227012662242,0.554150200029258,-946.274888734179
"245",245,0.600586618780921,0.576375527285004,-945.597756931576
"246",246,0.61294947272758,0.58232250122506,-945.685699892972
"247",247,0.592161028696321,0.549075261427976,-945.46257984584
"248",248,0.588726771508197,0.562327507092433,-945.399426798899
"249",249,0.587357293110463,0.552731760627567,-945.317310762124
"250",250,0.578229676481801,0.549485395219348,-945.263617025589
"251",251,0.582275296740649,0.548977065807866,-945.269142216606
"252",252,0.595352446122964,0.574697621282958,-945.619533579506
"253",253,0.577650321985299,0.516517456176106,-946.20550122211
"254",254,0.53937632219876,0.504232671091371,-945.203935259336
"255",255,0.544560969609924,0.508083732655403,-945.19043424777
"256",256,0.537205153594939,0.514248521527694,-945.290255526045
"257",257,0.527625064792417,0.516120796338106,-945.720747569715
"258",258,0.5278526373526,0.519282344750951,-945.849513211868
"259",259,0.564713943913422,0.552491965365331,-945.645353422495
"260",260,0.593044283016943,0.583111999381572,-946.022561574233
"261",261,0.624738208040349,0.603575753489655,-946.103916424668
"262",262,0.616985047443247,0.585980966690333,-945.752484354397
"263",263,0.622546535329479,0.591485055817854,-945.855069534622
"264",264,0.629070129309575,0.590075484754523,-945.967893709442
"265",265,0.601252130620284,0.574150317830181,-945.54913980693
"266",266,0.619301274485329,0.563525684598704,-946.252592470028
"267",267,0.598085815307013,0.582952147683306,-945.855465561011
"268",268,0.615101659771523,0.593497294340758,-945.904911147506
"269",269,0.622636679440233,0.586153656083756,-945.833718283643
"270",270,0.623474551011706,0.585225818607027,-945.855926234668
"271",271,0.608347874246689,0.645292677114924,-949.496828693907
"272",272,0.624661241832688,0.582260824317505,-945.92093358763
"273",273,0.593489646877263,0.578001798886449,-945.77716224293
"274",274,0.623850930896499,0.593278426450883,-945.885550473823
"275",275,0.616712439387289,0.59526331745307,-945.939130253459
"276",276,0.620754124203676,0.615711730460651,-946.758540323722
"277",277,0.658130383314579,0.584241120545709,-948.153155497749
"278",278,0.607144204136515,0.592541419683791,-946.019214758498
"279",279,0.595321582001848,0.567698495905236,-945.459172700068
"280",280,0.59057243222596,0.549893255702125,-945.401632158274
"281",281,0.566732622026035,0.547443593113382,-945.388342793046
"282",282,0.577223075415148,0.544921814664512,-945.230294542926
"283",283,0.536560282990086,0.566644170981874,-948.085375671109
"284",284,0.549895914086139,0.481002609947942,-946.997073942142
"285",285,0.530902751563006,0.499599744668088,-945.250750809039
"286",286,0.567823698826992,0.525093757106429,-945.290362433825
"287",287,0.564803054800829,0.55021838303941,-945.545996163662
"288",288,0.585410797507289,0.54150469914857,-945.418837171601
"289",289,0.56595253329203,0.519660920011503,-945.390330998086
"290",290,0.559226948769568,0.547334403160892,-945.636124381181
"291",291,0.551480613091625,0.500548759832547,-945.604308937215
"292",292,0.510832206976176,0.505467680291841,-946.192850741257
"293",293,0.514104179445464,0.470290562331253,-945.718099105756
"294",294,0.531681418249205,0.585654072764787,-949.431913793375
"295",295,0.570856261309295,0.585998249057158,-947.351494857377
"296",296,0.604640962965812,0.636585850229179,-949.062187664459
"297",297,0.563741258981199,0.481852156254351,-948.470584978832
"298",298,0.461048539817885,0.426716786059066,-947.188013824027
"299",299,0.47448365053371,0.474060550410312,-947.271734509226
"300",300,0.52559283275214,0.519182248218357,-945.971769280808
"301",301,0.530674828304013,0.51752113978088,-945.629892633793
"302",302,0.564845045139239,0.512372091452363,-945.653526716498
"303",303,0.535337171380602,0.497812771349921,-945.262935385064
"304",304,0.533470111873009,0.515094576554361,-945.428480094684
"305",305,0.544502573133549,0.538312597871838,-945.894561536014
"306",306,0.553711290754732,0.520785636784331,-945.145460563696
"307",307,0.551280467828533,0.511309151453426,-945.223220127327
"308",308,0.578104290494705,0.583773891328376,-946.778480111254
"309",309,0.603880850443302,0.543916245021927,-946.291411689242
"310",310,0.578672725369087,0.524579531784979,-945.767991386982
"311",311,0.565603243992158,0.559605193971286,-945.958104941837
"312",312,0.540310411818755,0.556077757032317,-947.219150222756
"313",313,0.615281230450828,0.585655995711154,-945.737721520583
"314",314,0.605607049448827,0.628348855624226,-948.41535813628
"315",315,0.648805587380542,0.606220812730213,-946.425991889162
"316",316,0.600826064873266,0.526967921442067,-947.418203450994
"317",317,0.516236175097854,0.468539067112189,-945.84617192091
"318",318,0.491200669770349,0.472177701451328,-946.091385653961
"319",319,0.510840867146378,0.483056052165464,-945.52819473459
"320",320,0.523773393189338,0.491448537599787,-945.329817278179
"321",321,0.523754734778905,0.501881167622226,-945.423619724398
"322",322,0.513635961135975,0.458538018626922,-946.3496168874
"323",323,0.477166859007749,0.442244419935584,-946.500782298111
"324",324,0.470449536897653,0.474591969804687,-947.611145550499
"325",325,0.469752636971146,0.442367144623193,-946.718063889392
"326",326,0.460997260938671,0.434145177233066,-947.104723768586
"327",327,0.503813650810627,0.465814780668469,-945.757899901089
"328",328,0.526102088355539,0.516715986548816,-945.826242401047
"329",329,0.57263717797984,0.5142421859506,-946.006804538135
"330",330,0.509523549091141,0.555514436535848,-948.964478748035
"331",331,0.591012830627075,0.526033969458979,-946.549392371016
"332",332,0.529590447077859,0.475813984433944,-945.968267978071
"333",333,0.498700558575793,0.476418055768793,-945.839045656713
"334",334,0.531884776516301,0.529379696062679,-946.132327270705
"335",335,0.579142252379897,0.557522013711687,-945.409391634684
"336",336,0.53818420720851,0.471332599092403,-946.930899110773
"337",337,0.488757366707843,0.450824568724512,-946.16721770725
"338",338,0.461296993058874,0.436306494874712,-947.092966072876
"339",339,0.464558594918068,0.422641460589235,-947.269919786435
"340",340,0.482189990051619,0.458223915689603,-946.275516619238
"341",341,0.49474359751411,0.453207011566714,-946.097497544258
"342",342,0.518736469186401,0.462317339507997,-946.338951018519
"343",343,0.478354772290019,0.410006876749137,-948.92618332075
"344",344,0.459437209269098,0.410682605668876,-947.922931038504
"345",345,0.448174815863712,0.521678543770196,-950.793878114527
"346",346,0.517181806658423,0.464918138387086,-946.082987194098
"347",347,0.540210278712771,0.517822194307311,-945.287589796854
"348",348,0.541755958905976,0.543781442844279,-946.361372375041
"349",349,0.553732828253119,0.516808081404189,-945.171235375207
"350",350,0.54678607022398,0.511526493191606,-945.169673601203
"351",351,0.538318230154488,0.524096896854981,-945.544935925137
"352",352,0.568243436670215,0.543345033607967,-945.255188985232
"353",353,0.551543290966169,0.563902347665921,-947.028163282285
"354",354,0.561512043940542,0.560429889704257,-946.216225336204
"355",355,0.590671963877565,0.551420431087311,-945.382761694318
"356",356,0.603185929417368,0.587673451486159,-945.917050545642
"357",357,0.60519381407752,0.585796126818401,-945.804793457684
"358",358,0.63423900339568,0.594119645951726,-946.0809172821
"359",359,0.621063581194528,0.581112753454207,-945.825134889654
"360",360,0.6387482339088,0.576169198567774,-946.945747628877
"361",361,0.564463276179545,0.603982995887948,-948.88769924216
"362",362,0.62427618620156,0.593890622220827,-945.896026782085
"363",363,0.627361145774147,0.606470354993153,-946.166429793242
"364",364,0.632017747480985,0.577374955247364,-946.409779634025
"365",365,0.637146178672664,0.629732268241679,-946.979281340334
"366",366,0.642487123713938,0.61928949559241,-946.435171955867
"367",367,0.664245998231141,0.609890183235178,-947.078408583775
"368",368,0.616084463379069,0.632074461371752,-948.123069027603
"369",369,0.616623722515262,0.57388533020806,-945.786104633955
"370",370,0.598757874559627,0.567593089025755,-945.463450870364
"371",371,0.598018590406832,0.555761389695066,-945.511343571198
"372",372,0.577539687752476,0.58806453522629,-947.103724775017
"373",373,0.590532794685578,0.568563686679834,-945.520058540824
"374",374,0.571294038427419,0.524199643973448,-945.431761943495
"375",375,0.588728982694722,0.524421980110577,-946.484567176178
"376",376,0.554222336686244,0.579021254500984,-947.849881087556
"377",377,0.636884377917501,0.590905507027561,-946.223804352077
"378",378,0.604651065653199,0.556489983998576,-945.742751884685
"379",379,0.602775486669996,0.583461899808,-945.769586630112
"380",380,0.606532034447332,0.592497940195403,-946.033527775525
"381",381,0.611530216411019,0.637603698302333,-948.781607237132
"382",382,0.68094106551626,0.638170320573583,-947.256809341432
"383",383,0.680423413270761,0.636565991757944,-947.253010949176
"384",384,0.703896657650015,0.684321336950378,-948.3145524959
"385",385,0.71047221403893,0.699596328799583,-948.92426008108
"386",386,0.727089727991279,0.674926264820609,-948.81474263608
"387",387,0.693053330920368,0.650173904301657,-947.609872434344
"388",388,0.679582101051174,0.638009568587074,-947.209364598025
"389",389,0.651501767339462,0.573038851585371,-948.47852266558
"390",390,0.554290514614684,0.497583360845052,-945.926650875739
"391",391,0.505550683642614,0.476887946095928,-945.626048470678
"392",392,0.488272034961289,0.446881791627411,-946.291534540239
"393",393,0.495305494508726,0.450110638139553,-946.231486697469
"394",394,0.521774471302184,0.495693193453719,-945.377850089515
"395",395,0.522937657892581,0.511117177467156,-945.750693478807
"396",396,0.540283750732008,0.560490816112042,-947.496383980811
"397",397,0.556160620332248,0.484461827103227,-947.241004856882
"398",398,0.476166900383897,0.450148304880489,-946.470016816491
"399",399,0.510207073205464,0.47226873089024,-945.61913114339
"400",400,0.508307611599881,0.480940192405512,-945.577248857193
"401",401,0.514720048350091,0.478559482625217,-945.501981854204
"402",402,0.496382187584597,0.441722100178572,-946.78162545651
"403",403,0.487057196362781,0.469683389362333,-946.246564710608
"404",404,0.509297654627969,0.479854261079711,-945.550831174467
"405",405,0.520197083859116,0.494977802421074,-945.40848676236
"406",406,0.55335644179545,0.493192630523007,-946.178325491501
"407",407,0.551373293828697,0.549532755847041,-946.136304460521
"408",408,0.564913032713202,0.532833716557126,-945.163299834971
"409",409,0.556386021889232,0.518493738319925,-945.181873886243
"410",410,0.545420642506509,0.52640630066411,-945.358905036974
"411",411,0.575084865315877,0.55990288570236,-945.590568948347
"412",412,0.60317040238368,0.612535311890014,-947.388972465527
"413",413,0.646374556516546,0.611861155800405,-946.339786426213
"414",414,0.650314228384917,0.583613102263016,-947.431386778429
"415",415,0.645833483547088,0.643097828955642,-947.467457063688
"416",416,0.680302392229633,0.643998433431433,-947.224814082229
"417",417,0.669404489355605,0.622188905337794,-947.006877957066
"418",418,0.646777986338582,0.599292543601703,-946.468082008341
"419",419,0.645416729409015,0.605828151142289,-946.320410847235
"420",420,0.615501927987139,0.556860917166379,-946.349368254543
"421",421,0.565247356021354,0.552623263276662,-945.630475495289
"422",422,0.562313560701547,0.529972156743155,-945.15488819658
"423",423,0.554269488830015,0.516477794185603,-945.181673161076
"424",424,0.553236682748363,0.499142204159496,-945.768506891502
"425",425,0.524612799131425,0.471270877505804,-946.016936474732
"426",426,0.51766144496212,0.504996658001056,-945.77706060732
"427",427,0.535165548757145,0.517893127020921,-945.452408621328
"428",428,0.573380995623745,0.578391745137078,-946.687212212853
"429",429,0.610068686121935,0.55246339330668,-946.221751176911
"430",430,0.588576442506533,0.592366027260282,-946.778211301158
"431",431,0.664363600394613,0.619059862741834,-946.842942929338
"432",432,0.666760382580112,0.640921456353287,-946.991153555491
"433",433,0.671155950649783,0.63658188981476,-946.976126253341
"434",434,0.644227879777208,0.580276691824922,-947.131637265205
"435",435,0.525033699339071,0.578476499751712,-949.367861711521
"436",436,0.598236396015489,0.569640832462183,-945.48382278658
"437",437,0.590800786619504,0.546537432348519,-945.476063492882
"438",438,0.557710392445632,0.526094959706406,-945.147470630926
"439",439,0.577683724025193,0.526325816508229,-945.629327371021
"440",440,0.577485196862541,0.525830060597606,-945.64209464674
"441",441,0.558896501747473,0.51167534917809,-945.421065313983
"442",442,0.522284780162334,0.470823183840308,-945.940346949353
"443",443,0.497754692930509,0.502962158267878,-946.958078852559
"444",444,0.556002817863592,0.513711460958367,-945.267654834322
"445",445,0.551220204344672,0.525452801035785,-945.197903862419
"446",446,0.53860031902819,0.488044291724107,-945.674645544791
"447",447,0.510197476404529,0.4524199763716,-946.639030347676
"448",448,0.502827552504702,0.504128624371464,-946.660502620438
"449",449,0.505976513002025,0.461600606692259,-945.913256435257
"450",450,0.534252849708655,0.488830733422175,-945.485969775653
"451",451,0.50136920109605,0.46158773796009,-945.862924806706
"452",452,0.484705591867393,0.489968428235137,-947.246634528862
"453",453,0.555925615890644,0.494272369373285,-946.28013637801
"454",454,0.497065110135048,0.456541064943041,-945.997899671902
"455",455,0.476598131500084,0.459914629164481,-946.596217946572
"456",456,0.500569543663411,0.470510727169876,-945.735032880924
"457",457,0.466018717457606,0.502987756813213,-949.133681731396
"458",458,0.587506181134769,0.546392442070533,-945.378908148927
"459",459,0.586946371807378,0.546138015707222,-945.368591150893
"460",460,0.577619951663293,0.53404706334175,-945.355156761037
"461",461,0.543187092066261,0.489014336312827,-945.838697658381
"462",462,0.496938083938026,0.507288202567733,-947.245670400837
"463",463,0.517787029337984,0.469494307344779,-945.846785406255
"464",464,0.518911916642332,0.51371390001294,-946.097154805979
"465",465,0.513186817757874,0.499001909044299,-945.781660960465
"466",466,0.560614830199312,0.516017367688945,-945.330258016359
"467",467,0.562342640976188,0.558116983580412,-946.037936915819
"468",468,0.587701089050375,0.523921319357081,-946.438540742527
"469",469,0.568086699446878,0.590010810253607,-947.784847830995
"470",470,0.61983837648838,0.591449722629119,-945.838418424329
"471",471,0.616389100329007,0.568905336772485,-945.889868325918
"472",472,0.58143456019619,0.519259184859053,-946.292283398551
"473",473,0.569740408780548,0.551163059432907,-945.428586760316
"474",474,0.559651104786111,0.513005333979879,-945.39907920293
"475",475,0.541646554935602,0.525528327805611,-945.462768348388
"476",476,0.553538486793055,0.511095742556771,-945.275239259078
"477",477,0.549936430884365,0.515659483767264,-945.154602694204
"478",478,0.544069838995721,0.524453192350446,-945.344424113101
"479",479,0.568563512630014,0.55091924975844,-945.452669817474
"480",480,0.565745127943384,0.536433164374932,-945.181520315126
"481",481,0.565571137349218,0.523739918345027,-945.263261368472
"482",482,0.51246295905316,0.495780877781184,-945.709355345665
"483",483,0.49734903243694,0.481695583668707,-946.030093394592
"484",484,0.506566143262862,0.479089350506977,-945.610425293766
"485",485,0.501554922934354,0.506516928418845,-946.877350617822
"486",486,0.586256539099414,0.528998332336294,-945.984064765334
"487",487,0.566718923529217,0.52573812484858,-945.248206480408
"488",488,0.580081377519925,0.529529688278301,-945.605649114676
"489",489,0.568645101758064,0.568324485310321,-946.307150873662
"490",490,0.610431976434122,0.576823374597397,-945.623320213661
"491",491,0.611755378574184,0.570078992012915,-945.691023463998
"492",492,0.601583075799951,0.561192805039552,-945.526426733214
"493",493,0.590426742436717,0.552372227973825,-945.367337132395
"494",494,0.59243461963039,0.576201868098284,-945.73385195456
"495",495,0.614150305640912,0.570504807622095,-945.762658478312
"496",496,0.607978940759472,0.555192282464761,-945.9590122004
"497",497,0.611088836794482,0.586557611404411,-945.756714787669
"498",498,0.586425858696318,0.578701539585658,-946.052565066176
"499",499,0.631598339980317,0.589796571683028,-946.045368183344
"500",500,0.608438978950242,0.611426641073186,-947.035059858294
"501",501,0.615955449846421,0.605562920412392,-946.37227626535
"502",502,0.640457480380275,0.604247995697632,-946.199198615595
"503",503,0.633520867503565,0.606956006795067,-946.149441116322
"504",504,0.618941428692707,0.559774012014978,-946.426607346085
"505",505,0.570598193144742,0.510181564068366,-946.145658651606
"506",506,0.569044505990035,0.54822410988463,-945.356127684821
"507",507,0.601679158644713,0.557450180257504,-945.597174908339
"508",508,0.57974896081986,0.56816301062373,-945.78766271274
"509",509,0.575519551402657,0.573119152378578,-946.238542981662
"510",510,0.619567722594059,0.544828092928966,-947.658781665443
"511",511,0.538850122696002,0.540088946763124,-946.319307771263
"512",512,0.54296167872301,0.488429176706823,-945.862986560738
"513",513,0.542277606776973,0.516031110058143,-945.21054814297
"514",514,0.560981868618114,0.527705071154351,-945.151876497182
"515",515,0.551244412331151,0.529833355580858,-945.286965619441
"516",516,0.567039976335387,0.537999727779921,-945.189621573595
"517",517,0.594630795394617,0.538061042052463,-946.004055058841
"518",518,0.593149641249873,0.556717740639986,-945.385655724511
"519",519,0.591855333341622,0.560675146521604,-945.376218313978
"520",520,0.593395049842963,0.57006206899713,-945.520350571288
"521",521,0.579730852414726,0.552322560888605,-945.293472667246
"522",522,0.56665306086702,0.54224943758091,-945.256764129444
"523",523,0.564911998492449,0.537022737734952,-945.19294467581
"524",524,0.538030284749443,0.50524320624082,-945.198015992662
"525",525,0.54310601215969,0.515548945364945,-945.191745272289
"526",526,0.53788927240907,0.526494920402136,-945.662655944084
"527",527,0.570807617442072,0.529762412144337,-945.264048705822
"528",528,0.522235425365936,0.509694082851473,-945.728856094757
"529",529,0.559665946991966,0.50151008519752,-946.002883581598
"530",530,0.469085351280223,0.42697646525758,-947.066082758391
"531",531,0.464675883268124,0.429609364781319,-947.031541579369
"532",532,0.483158546479082,0.484183271714951,-947.080447375903
"533",533,0.556920239126321,0.543385651120961,-945.558599970386
"534",534,0.591971341820696,0.54009060945594,-945.747470190532
"535",535,0.574368916811503,0.507540983374936,-946.66658400408
"536",536,0.508184589218049,0.45189123667424,-946.570629380922
"537",537,0.520652190874612,0.498622430260995,-945.45669701443
"538",538,0.534872712155101,0.524972420168363,-945.743012656012
"539",539,0.558968533188795,0.531362010028021,-945.178464727086
"540",540,0.555325716035749,0.530149861202955,-945.208644309135
"541",541,0.587313622196673,0.530807959300642,-945.946475099099
"542",542,0.595557615370201,0.589708912125676,-946.27516633185
"543",543,0.638523122575858,0.605252466814251,-946.167271988103
"544",544,0.583634224640476,0.581506627086172,-946.339034275367
"545",545,0.629386937051223,0.586307537709983,-946.020431408338
"546",546,0.644668884296438,0.59879876615426,-946.386254661813
"547",547,0.607207423188061,0.579234828226158,-945.62553383784
"548",548,0.608711780633787,0.562124602044517,-945.750399182779
"549",549,0.590795886521253,0.561781657181791,-945.384497143807
"550",550,0.573668029468616,0.571173227573831,-946.216360307691
"551",551,0.562007377852913,0.578020355275041,-947.331526992177
"552",552,0.613727596429649,0.558521237436317,-946.145436613771
"553",553,0.619374136682564,0.561590874511685,-946.356076928861
"554",554,0.576791197905529,0.567048311938133,-945.848134468499
"555",555,0.543586220727815,0.481844856997958,-946.386447476022
"556",556,0.552799410688176,0.578932445841714,-947.924595464376
"557",557,0.509199764558088,0.623100805020496,-952.045288312477
"558",558,0.483267657385439,0.481729508033649,-946.956273328143
"559",559,0.494116602844519,0.493020946315029,-946.708257649086
"560",560,0.527841229045618,0.51110635637014,-945.522635435084
"561",561,0.552857138781392,0.560020898459917,-946.695409928772
"562",562,0.596502221600099,0.587635110992494,-946.125105133832
"563",563,0.61187389193191,0.565375728295651,-945.79365892747
"564",564,0.602651258250399,0.569369476059988,-945.505794933124
"565",565,0.582965249410279,0.54230960221771,-945.331814059884
"566",566,0.574219777567231,0.537955094499754,-945.218137819263
"567",567,0.580657656941638,0.5475886058553,-945.255601508095
"568",568,0.568833589513492,0.55937099962019,-945.799169989713
"569",569,0.619616343246727,0.610020368385509,-946.483709769713
"570",570,0.663590408675529,0.600796957535856,-947.458198544501
"571",571,0.646447519289632,0.585167712416659,-947.012116556059
"572",572,0.615924209539564,0.569586650473868,-945.851534158453
"573",573,0.592795325983971,0.577179770810758,-945.762870628685
"574",574,0.592868339476544,0.561216705796075,-945.385068310767
"575",575,0.592222927170737,0.543088514463211,-945.638915247867
"576",576,0.574593979837575,0.618776846026998,-949.333071649442
"577",577,0.578516738416832,0.53270259557029,-945.42279880105
"578",578,0.578281492052955,0.52237574551458,-945.8665928884
"579",579,0.573459747221182,0.53318447493656,-945.262376240751
"580",580,0.566691741940762,0.548950201164957,-945.43858929045
"581",581,0.584679518421051,0.582528763645066,-946.34978555773
"582",582,0.547218654214217,0.536031488082311,-945.650060986761
"583",583,0.552539340292781,0.544897321251865,-945.822009836959
"584",584,0.59544053097135,0.546662765995056,-945.657455776023
"585",585,0.575446287548183,0.553134635250087,-945.360290050785
"586",586,0.569472243466022,0.542490757267197,-945.226757558684
"587",587,0.569462955793718,0.52146968396908,-945.459382822967
"588",588,0.545756198790215,0.513293803108114,-945.159762825217
"589",589,0.555307692215099,0.522073996367181,-945.145690999839
"590",590,0.533050071025741,0.471338399378767,-946.518689132463
"591",591,0.482507426732174,0.470510314064719,-946.544846684047
"592",592,0.49011179540299,0.471487747166508,-946.130085265872
"593",593,0.468934796667553,0.449727154465716,-946.82765632634
"594",594,0.481595121035675,0.477416614453739,-946.884108348243
"595",595,0.538166477165242,0.519445999138147,-945.391800920881
"596",596,0.529395540514039,0.459393840011819,-947.425754126045
"597",597,0.505729394432615,0.485191379932651,-945.724118333634
"598",598,0.545388213093598,0.508574564225018,-945.191018388922
"599",599,0.50023940185481,0.454671609071788,-946.109852261725
"600",600,0.480221456919122,0.498235824266598,-947.973516004797
"601",601,0.498314801050072,0.518290837661604,-947.727728558531
"602",602,0.501597763783804,0.427082702167777,-948.790280682106
"603",603,0.457474372241729,0.427118053256151,-947.299109592371
"604",604,0.46543338723117,0.504724369096072,-949.239927597225
"605",605,0.459356264400094,0.557162301884225,-951.308431406968
"606",606,0.539066058915336,0.560069874006977,-947.543444090407
"607",607,0.615990903929432,0.564697342897993,-946.009827773213
"608",608,0.591327097851378,0.528671029307222,-946.372927244165
"609",609,0.586326272288979,0.536316110469566,-945.623345847516
"610",610,0.583984041271223,0.555966312951774,-945.324151646052
"611",611,0.558148243393555,0.518128611612389,-945.216462439899
"612",612,0.565765922774775,0.567871455668775,-946.43775996179
"613",613,0.636613250730977,0.613093806342495,-946.290449943312
"614",614,0.650073651460066,0.612021889755456,-946.422847948744
"615",615,0.638981789347272,0.593762200303313,-946.251478952738
"616",616,0.587446592056468,0.591308586579462,-946.768214110776
"617",617,0.629419780811727,0.62017731941177,-946.705750029331
"618",618,0.662264161612556,0.636935467334617,-946.880830287924
"619",619,0.653942792395754,0.590933077672888,-947.263471852126
"620",620,0.624216596620848,0.580143745674841,-945.941376288757
"621",621,0.622917923248772,0.568825264766748,-946.23121387026
"622",622,0.626824835008787,0.589661230401328,-945.915119344915
"623",623,0.618126395268824,0.553044552075066,-946.801573639591
"624",624,0.619646058527022,0.560896186088232,-946.412972293723
"625",625,0.636130785902953,0.673157611857416,-950.191942262375
"626",626,0.626991279986159,0.622276263034445,-946.907678535634
"627",627,0.616395116213646,0.551575110958331,-946.761044359899
"628",628,0.573899423397103,0.550780212455188,-945.328885322272
"629",629,0.59344458384004,0.544006595006202,-945.661662346948
"630",630,0.601939899811819,0.555116758346546,-945.667807482549
"631",631,0.581454239763855,0.561571159009071,-945.481428672762
"632",632,0.599658872666084,0.586912613771695,-945.982259937697
"633",633,0.61362472434338,0.566193791888176,-945.845728142783
"634",634,0.594940141305972,0.55375361554393,-945.456795617288
"635",635,0.574099569187975,0.565970059461249,-945.906226836982
"636",636,0.59914587379175,0.552865663407394,-945.618730180092
"637",637,0.570943067102288,0.542585545815887,-945.217193976536
"638",638,0.581485448426539,0.559305750627815,-945.41618749849
"639",639,0.590536981943313,0.568867087849325,-945.528351713929
"640",640,0.605444419174642,0.576044768639903,-945.577948349209
"641",641,0.610496482450973,0.598615181995162,-946.199602976628
"642",642,0.626335919863349,0.595447513203041,-945.931054142176
"643",643,0.619329512341678,0.585239193896354,-945.774580931358
"644",644,0.607049705931336,0.561743372421773,-945.693878723316
"645",645,0.621444142230284,0.584736712429259,-945.812125575395
"646",646,0.659774766788874,0.643324391225381,-947.108553529806
"647",647,0.686545782784755,0.65088552865379,-947.411302263173
"648",648,0.674858320331733,0.680681102764407,-948.852052800453
"649",649,0.697500783774864,0.644892968340485,-947.91032496613
"650",650,0.678034964264535,0.649758089253565,-947.257760814924
"651",651,0.683216701476616,0.651074152497548,-947.346260824071
"652",652,0.683984884280265,0.636705837042356,-947.402507533621
"653",653,0.67693612877911,0.649985978309072,-947.254052400644
"654",654,0.68208640117416,0.643464263504275,-947.271282980326
"655",655,0.665315865543695,0.609209165992727,-947.171626306622
"656",656,0.64625429618272,0.615715094710332,-946.373212152107
"657",657,0.6406786425185,0.608947379043463,-946.229009352078
"658",658,0.645878074815298,0.618922518246774,-946.424971664957
"659",659,0.671882779500999,0.645722558956224,-947.127051384419
"660",660,0.64659099058462,0.615615784987448,-946.375661729819
"661",661,0.647530903671401,0.605046962367026,-946.395417745233
"662",662,0.643530887380041,0.590460561251998,-946.568395039139
"663",663,0.630420274344877,0.593798029007198,-945.985466685849
"664",664,0.635675266212841,0.60250577617852,-946.10545435361
"665",665,0.622364068942326,0.567224813297317,-946.269361624793
"666",666,0.617575567594697,0.559541337009428,-946.344019860496
"667",667,0.57839473208158,0.584497813591385,-946.810757301406
"668",668,0.587371597667843,0.558020322104985,-945.342528637751
"669",669,0.593921294035941,0.560889175403312,-945.391375985138
"670",670,0.611621000757911,0.567774925914003,-945.727451022593
"671",671,0.570072353681508,0.520316115569177,-945.532182605713
"672",672,0.561592041777363,0.537579745447142,-945.244081952645
"673",673,0.559546064989635,0.525206074431139,-945.152305238823
"674",674,0.554821504036852,0.511021258591969,-945.310683514555
"675",675,0.558472207416914,0.510636645512292,-945.445479337183
"676",676,0.515565093643358,0.504697764322935,-945.876835277964
"677",677,0.532818239556411,0.491385472992393,-945.370189237183
"678",678,0.539091979577007,0.498050250441675,-945.305741687876
"679",679,0.482054042095879,0.532489471127182,-949.390960534706
"680",680,0.525953074198086,0.518156108841579,-945.901411933067
"681",681,0.554414125988948,0.531693726405106,-945.256911896339
"682",682,0.564164197141077,0.510437206551592,-945.72040720452
"683",683,0.559610995956085,0.538720981673637,-945.312450090721
"684",684,0.544675375874831,0.54229672286017,-946.101553481334
"685",685,0.571641993594351,0.553258528895921,-945.447599387572
"686",686,0.569444258243178,0.537569356286312,-945.18320667094
"687",687,0.564132810619247,0.522044717343322,-945.266113477129
"688",688,0.56694790520826,0.50755056020745,-946.074401389306
"689",689,0.542122617236941,0.546695600960692,-946.516123395341
"690",690,0.541914272228885,0.588145386507985,-949.062363283495
"691",691,0.633581086554336,0.613266300558625,-946.318888394911
"692",692,0.640211976500946,0.621995379814254,-946.544282092045
"693",693,0.612147957275388,0.615724050295567,-947.143229982109
"694",694,0.608662563141115,0.629820446896287,-948.358771750712
"695",695,0.679420598229877,0.644410473380257,-947.206724746562
"696",696,0.67890646592707,0.609757747678588,-948.218969265287
"697",697,0.671908069291055,0.667199971565192,-948.053002285601
"698",698,0.697269181138652,0.692521070949577,-948.832907394671
"699",699,0.719201682199068,0.743766031967972,-951.827752375734
"700",700,0.778678223373035,0.716473290484371,-950.892146904152
"701",701,0.781363774244903,0.782879974367029,-952.322336025081
"702",702,0.795695077977674,0.760453758549795,-951.274934625204
"703",703,0.787025845865962,0.773457427535539,-951.645408055698
"704",704,0.827896128954235,0.793908030912095,-952.595264694811
"705",705,0.825761755819963,0.766276345996772,-952.571994731714
"706",706,0.820807552202284,0.765323008848211,-952.279577126334
"707",707,0.728658737603095,0.782906697424205,-954.672712103756
"708",708,0.758223752402122,0.68272525197249,-950.963096064125
"709",709,0.729694733646988,0.677266138911342,-948.905922347027
"710",710,0.720896765450741,0.69718064416654,-948.74779369537
"711",711,0.680940809447006,0.674958640802057,-948.245399060391
"712",712,0.729203752239725,0.718685911345121,-949.596333597014
"713",713,0.720384236194226,0.703311140122022,-948.972833969692
"714",714,0.737116056448734,0.673454542664342,-949.536991193754
"715",715,0.702076931458966,0.672873013152807,-947.978519393376
"716",716,0.682231168825857,0.631557950639404,-947.42729093275
"717",717,0.663476856358072,0.605112763337889,-947.226347122207
"718",718,0.620312999899747,0.573861223639376,-945.926048672538
"719",719,0.571079159934848,0.549485103291688,-945.347675548809
"720",720,0.596479496133812,0.553295651112736,-945.511605014212
"721",721,0.556596977262181,0.530343011924904,-945.19274962608
"722",722,0.541724833649336,0.510448752283183,-945.175928901677
"723",723,0.53531339380183,0.495753580580537,-945.301360559616
"724",724,0.53817026834401,0.497454422220708,-945.304620902472
"725",725,0.567225628642344,0.543200610898608,-945.267402187299
"726",726,0.591297613696696,0.554476799192954,-945.367108790325
"727",727,0.61474056280734,0.568166553874482,-945.839162386609
"728",728,0.584812124352407,0.590542570142529,-946.860491630098
"729",729,0.639536351488444,0.59997083853769,-946.189016077406
"730",730,0.590135720201157,0.575571290273762,-945.771835987942
"731",731,0.610979104896686,0.568143711027603,-945.698319661076
"732",732,0.576162161159175,0.519403050581779,-945.910243295735
"733",733,0.525567977163447,0.502337159481975,-945.3771662264
"734",734,0.524379990734592,0.493223255436632,-945.319475192077
"735",735,0.523621348007148,0.47257932703484,-945.893683312468
"736",736,0.507144117017285,0.487918615170242,-945.728294207849
"737",737,0.53094966639907,0.486764657308979,-945.476118457467
"738",738,0.533473510804142,0.516621327143422,-945.476397751617
"739",739,0.546684064690338,0.52011768478529,-945.192714734863
"740",740,0.549853457192174,0.529444882149838,-945.313689126043
"741",741,0.551911213564069,0.509057044335807,-945.290023050811
"742",742,0.555660878779143,0.550306658777606,-945.948979454839
"743",743,0.532117763446343,0.481950271481461,-945.724731395335
"744",744,0.505721043250329,0.486553006431946,-945.75640958335
"745",745,0.521583855393594,0.466112721722851,-946.214194390021
"746",746,0.485351107166431,0.448711719719113,-946.245837231988
"747",747,0.477937393242103,0.48388399128372,-947.462137656528
"748",748,0.533225003159149,0.491610668784533,-945.371120890163
"749",749,0.529423117266751,0.455501837013712,-947.906947490446
"750",750,0.511763534839911,0.446204999314099,-947.338887434971
"751",751,0.505318825031828,0.480681461827454,-945.661273711448
"752",752,0.520093873120306,0.48931269338145,-945.374500105588
"753",753,0.546070575128109,0.507761956697254,-945.20981626654
"754",754,0.567144232578054,0.550765271547115,-945.489512100154
"755",755,0.595603594849902,0.600442231016505,-946.948852652276
"756",756,0.536450477027635,0.60061322585344,-950.035511840311
"757",757,0.549422983676002,0.461781484770521,-949.576068442112
"758",758,0.552657366368555,0.462110940442037,-950.032385982661
"759",759,0.527782816043291,0.535486084843504,-946.748100366981
"760",760,0.560945803132274,0.502600136424048,-946.012139930304
"761",761,0.532887196547457,0.491672914882645,-945.363630604029
"762",762,0.537480807180201,0.512794456594072,-945.256727991692
"763",763,0.540063979628484,0.528765568479851,-945.658859016965
"764",764,0.574983633628056,0.565804582441512,-945.860260386303
"765",765,0.595573186471623,0.572875337143468,-945.564939568784
"766",766,0.578848671525496,0.521381714932859,-945.962144551466
"767",767,0.509179841989076,0.467328740554167,-945.747547378818
"768",768,0.505925585805508,0.455438465494469,-946.225354303472
"769",769,0.501453014354877,0.475991430116526,-945.733699246823
"770",770,0.5206900869331,0.503131539838851,-945.570131412559
"771",771,0.572858320078022,0.583603520880968,-947.069436542969
"772",772,0.652019115912797,0.639441096365834,-947.076699631825
"773",773,0.677459892220227,0.657919555693722,-947.488597806776
"774",774,0.70989870682141,0.654493346934818,-948.361662483374
"775",775,0.708152399122184,0.685287220779159,-948.341730074436
"776",776,0.717859334109418,0.671793320139195,-948.413084733808
"777",777,0.70810959239287,0.683263612480943,-948.28088899342
"778",778,0.641929926147724,0.648614346585903,-948.014628977761
"779",779,0.724212577944459,0.664217244900656,-948.967282832438
"780",780,0.622927529216348,0.669193951636494,-950.51238883899
"781",781,0.654513909037409,0.625947570240083,-946.608086415297
"782",782,0.661669774559458,0.612893683753057,-946.846054253568
"783",783,0.635165934642127,0.600811375182022,-946.087925086837
"784",784,0.630078886033124,0.590030724218106,-945.996110590098
"785",785,0.604833737084447,0.555715594989239,-945.776877803134
"786",786,0.560033471966386,0.516143183693415,-945.309121211065
"787",787,0.499683313651279,0.518679950799885,-947.657450732047
"788",788,0.54900038917494,0.512583475633249,-945.174157292528
"789",789,0.554067544661381,0.524015451043872,-945.151613009141
"790",790,0.558678995974073,0.525398761564323,-945.148055689684
"791",791,0.509305554422339,0.545825134075427,-948.475440520845
"792",792,0.557104083631306,0.53767755758513,-945.347943803567
"793",793,0.575212939710302,0.525688807700332,-945.539246825849
"794",794,0.568656237496059,0.574837413941714,-946.723413954504
"795",795,0.597244877781905,0.575530794313621,-945.614452229612
"796",796,0.616943002814295,0.588482861991797,-945.7838479522
"797",797,0.630591364753046,0.605722554341911,-946.12404399853
"798",798,0.620614414284758,0.568696528136319,-946.105174868272
"799",799,0.573585964071286,0.54360703611257,-945.217716925445
"800",800,0.618745927221022,0.576990655162157,-945.806407616073
"801",801,0.605043348977313,0.573834717510553,-945.553112006497
"802",802,0.610659459344273,0.573395022396086,-945.629643524944
"803",803,0.577359454694419,0.561667213969495,-945.58988334902
"804",804,0.587527274125165,0.549758761451628,-945.335330938868
"805",805,0.573739290704074,0.510115943522841,-946.392152619589
"806",806,0.549144927056636,0.508332437317805,-945.247140270948
"807",807,0.543327524076533,0.525583296684519,-945.40309349987
"808",808,0.562667519444761,0.528345269946089,-945.158363845634
"809",809,0.501598738344343,0.494773776236629,-946.280904490955
"810",810,0.498197949140438,0.494250988630802,-946.482890734861
"811",811,0.525601084935028,0.494331944728183,-945.305293395095
"812",812,0.506807690241526,0.440810339034844,-947.52808672893
"813",813,0.492301384169023,0.458984465888243,-945.972321392478
"814",814,0.504388052172155,0.455341977188955,-946.180159050921
"815",815,0.467402609687275,0.430388136162761,-946.957253787557
"816",816,0.465118886373633,0.454894548647377,-947.222421843198
"817",817,0.492396361351483,0.487231044992213,-946.553961957434
"818",818,0.539470880237142,0.492177009304966,-945.512860244944
"819",819,0.528472627887859,0.533561881850274,-946.587977609458
"820",820,0.586109978735999,0.549368152003382,-945.313670022057
"821",821,0.571655654452031,0.534076694718071,-945.215643906939
"822",822,0.550347926032951,0.529414451750584,-945.299446595247
"823",823,0.572249628279465,0.536613337030441,-945.202847311207
"824",824,0.574595885600356,0.554442948130436,-945.413370235601
"825",825,0.600873779039794,0.602588688699315,-946.821147573437
"826",826,0.65315479271674,0.595610791408201,-946.957512896341
"827",827,0.594806900934386,0.543748826443487,-945.738366196079
"828",828,0.6074657939463,0.583098645109018,-945.700154987019
"829",829,0.621119654362177,0.608314115676087,-946.355802815889
"830",830,0.604718992593756,0.603954026294712,-946.72375827803
"831",831,0.602721812601463,0.629060937514121,-948.621230491623
"832",832,0.608333420992864,0.612940834841016,-947.144058830376
"833",833,0.654571940698648,0.637149451059938,-946.931231918512
"834",834,0.680564434863467,0.648696063768696,-947.271754020667
"835",835,0.654911101314944,0.624064113866026,-946.582527244276
"836",836,0.623786762037448,0.60804782416058,-946.280837349787
"837",837,0.653317417462813,0.592058088044028,-947.149685708911
"838",838,0.62318776110226,0.604220879383839,-946.145228653174
"839",839,0.646916597281373,0.661481422662837,-948.738977564469
"840",840,0.617664562906982,0.640556192216518,-948.677150755532
"841",841,0.622119381672047,0.552246243657108,-947.232459151022
"842",842,0.544629252341844,0.519626551211145,-945.221265781739
"843",843,0.55271199316763,0.511776023764656,-945.240425875538
"844",844,0.526392685661407,0.482038719866759,-945.538685580185
"845",845,0.482511211972737,0.476307229727757,-946.769520714214
"846",846,0.512488911460351,0.488175556170667,-945.534608007013
"847",847,0.515628859184315,0.476149191151019,-945.554021895332
"848",848,0.530437578655078,0.52656655709542,-946.06692662951
"849",849,0.528792788860195,0.464778189263651,-946.800804916481
"850",850,0.459313018111981,0.450781959577223,-947.526526541115
"851",851,0.503950638116308,0.453690778113216,-946.26213977102
"852",852,0.516840158325674,0.532447223066463,-947.285941980601
"853",853,0.582897568179326,0.5665915648548,-945.619492997859
"854",854,0.627581359156855,0.588410119192298,-945.940005614
"855",855,0.644245695876333,0.603654915086717,-946.301144471617
"856",856,0.645699784322672,0.603310629630791,-946.352610942807
"857",857,0.640809242994299,0.593809282753341,-946.328068599485
"858",858,0.646720153980969,0.592122017067518,-946.693638171686
"859",859,0.63708214355987,0.601909741115608,-946.12654605362
"860",860,0.652833426729401,0.635470296090595,-946.888476196324
"861",861,0.646407318353818,0.625788198003434,-946.608452916159
"862",862,0.667552529323193,0.682709087407961,-949.35759310844
"863",863,0.681775782617495,0.671230429305367,-948.017160038426
"864",864,0.72217145071753,0.643713054854421,-950.106263403332
"865",865,0.682382144136322,0.644385889869203,-947.280189873188
"866",866,0.651621982620027,0.593031819838993,-946.97472838181
"867",867,0.642988702567179,0.6307543246098,-946.867108299324
"868",868,0.63659611109535,0.602168244599006,-946.118511832041
"869",869,0.628458350905782,0.601067279717685,-946.025771452298
"870",870,0.631655257697432,0.592204444055302,-946.022750884498
"871",871,0.613017602671758,0.590031653102227,-945.828771333511
"872",872,0.598141608127742,0.566165096634693,-945.44961901281
"873",873,0.624174739213729,0.595100896969405,-945.911396139838
"874",874,0.622492137615358,0.576301993965632,-945.956763541735
"875",875,0.629360661630899,0.611905609060773,-946.329058957362
"876",876,0.632719620421757,0.587605131463312,-946.12224571591
"877",877,0.599301315454844,0.580147680341174,-945.722818163209
"878",878,0.589820086829953,0.544285806630262,-945.500164545012
"879",879,0.572570774086563,0.507895513592451,-946.479354134194
"880",880,0.516981288234364,0.439060221843965,-948.782007862824
"881",881,0.47963777999756,0.43697314616634,-946.648914528937
"882",882,0.476779886365741,0.46024990754083,-946.59381334089
"883",883,0.466732883150471,0.463178432126679,-947.409992417404
"884",884,0.527300001756907,0.536831054213682,-946.860632234433
"885",885,0.585677051052456,0.570291766795644,-945.685459404948
"886",886,0.616183193981579,0.571346960088318,-945.819839766652
"887",887,0.617455762342442,0.591581613343492,-945.840186655176
"888",888,0.615864841503237,0.586969566993576,-945.757972452159
"889",889,0.576377072933457,0.573747903439941,-946.232932146012
"890",890,0.608174073844954,0.570673596782448,-945.592346171052
"891",891,0.587946927607501,0.54319943067643,-945.461890876434
"892",892,0.586164828474826,0.534724314292399,-945.682351024061
"893",893,0.532646951929382,0.509535788527374,-945.316583785875
"894",894,0.546061917108343,0.572016369254769,-947.872704345478
"895",895,0.613515386951093,0.614358883395067,-946.985201751426
"896",896,0.65444417216992,0.621670403513975,-946.548900102492
"897",897,0.638888047754073,0.621284449307919,-946.536548993613
"898",898,0.655080252627636,0.60586478808284,-946.699683928407
"899",899,0.662965404993555,0.618740513303552,-946.79108558312
"900",900,0.626844858083671,0.597732070473745,-945.96409562099
"901",901,0.623400123761432,0.573866354375238,-946.066785864104
"902",902,0.616375582056506,0.592323168769845,-945.861825007073
"903",903,0.658525733176688,0.600514430698466,-947.097132496918
"904",904,0.605332764454769,0.544426674051574,-946.366438080757
"905",905,0.562372116339689,0.505772074052238,-945.892970184167
"906",906,0.535393609183485,0.500880730510732,-945.22631902188
"907",907,0.546685047140558,0.501984090516854,-945.366289619949
"908",908,0.516875879839395,0.473534496916756,-945.649659365797
"909",909,0.46411613187761,0.421609604312097,-947.318499975188
"910",910,0.456213641431592,0.425323006850428,-947.370241663171
"911",911,0.453925947456187,0.425782346057802,-947.462696735592
"912",912,0.474901700734123,0.439880450696021,-946.590720318113
"913",913,0.489947433527137,0.479104860444453,-946.376909461433
"914",914,0.484465423653426,0.463030439600817,-946.237338277116
"915",915,0.48433956730571,0.478247503201212,-946.721764329579
"916",916,0.498017525640928,0.510340246012432,-947.331634810523
"917",917,0.47753206708169,0.456591103616732,-946.474097814306
"918",918,0.46928364358016,0.44959769630884,-946.804965693038
"919",919,0.464932296975514,0.436737811998606,-946.927202392759
"920",920,0.472085587974777,0.443612670432097,-946.625323915568
"921",921,0.432261928757294,0.44672903727502,-949.677303032751
"922",922,0.523534472464015,0.498738901620153,-945.373491288866
"923",923,0.537587406408827,0.476778170309155,-946.378245277257
"924",924,0.544548387881487,0.466350246559767,-948.196763790104
"925",925,0.521237661010516,0.497648517599166,-945.420005085764
"926",926,0.546209321202999,0.506992111070479,-945.225194128319
"927",927,0.5463114491384,0.523224668509793,-945.253272749112
"928",928,0.560190010838705,0.551350544234067,-945.783472166406
"929",929,0.585969776636485,0.550729500829579,-945.305021760727
"930",930,0.597003923931088,0.554574564022179,-945.502555413324
"931",931,0.555528389258481,0.483262235395969,-947.310695094256
"932",932,0.544398507808833,0.539581629603618,-945.967244072032
"933",933,0.533653931659064,0.485179559336903,-945.62248009866
"934",934,0.506679181425387,0.470315350504996,-945.66054179088
"935",935,0.427074633543558,0.532637044343734,-951.946696131928
"936",936,0.572915627351757,0.54297844363231,-945.213742773837
"937",937,0.576449938049697,0.543675976632364,-945.223585853522
"938",938,0.538671819283037,0.511529182709791,-945.216445097016
"939",939,0.550005832285623,0.520764400627753,-945.159471219894
"940",940,0.556921458615746,0.539123336481779,-945.399064007026
"941",941,0.582248762599204,0.530826504122184,-945.656075875715
"942",942,0.586698599818016,0.527120300716565,-946.13220016126
"943",943,0.528456179299662,0.51293963984523,-945.558659436599
"944",944,0.540979893030881,0.523751149834238,-945.427067229619
"945",945,0.541788123285205,0.543330505733138,-946.332416835304
"946",946,0.551965653899336,0.575792054361671,-947.772511609207
"947",947,0.556775159544344,0.536886115891836,-945.33362542105
"948",948,0.57354590276981,0.538689014643432,-945.206587646663
"949",949,0.51877250015241,0.490494286774988,-945.399111343567
"950",950,0.555142208374236,0.561223898679581,-946.63429370184
"951",951,0.625394915036073,0.599565186608463,-945.994463709774
"952",952,0.595259880117166,0.578597595475177,-945.755004175428
"953",953,0.600471835663497,0.610519887398136,-947.392085625503
"954",954,0.654479367639213,0.645865664723633,-947.343931595238
"955",955,0.70355025668673,0.714910795653454,-950.186114341968
"956",956,0.713799258429063,0.681321378972942,-948.306319540769
"957",957,0.710030954066601,0.706834163175324,-949.353470952987
"958",958,0.75239211083001,0.713528395000703,-949.588006584923
"959",959,0.733460778552034,0.727334538342623,-949.996622713185
"960",960,0.721599630845116,0.680950115301439,-948.506593187383
"961",961,0.711530958611798,0.652521493765554,-948.539831731413
"962",962,0.651433721514889,0.626991062647926,-946.620539452625
"963",963,0.606016233531175,0.538703893440477,-946.845797377887
"964",964,0.590432830445961,0.542961048736513,-945.564652921502
"965",965,0.56320090259197,0.481934138764629,-948.386890861856
"966",966,0.563299853596728,0.502716253723363,-946.167112680106
"967",967,0.535153440677139,0.498683915227225,-945.249011600383
"968",968,0.530393823436324,0.49587198015981,-945.270345817223
"969",969,0.497418697961732,0.494834163726245,-946.564844541985
"970",970,0.515723697129547,0.466929951012546,-945.911699680202
"971",971,0.52516424021562,0.501003509582385,-945.365243923331
"972",972,0.537351578857422,0.491138084111711,-945.48698092052
"973",973,0.541126213900172,0.527787672374082,-945.569582366529
"974",974,0.577032024128728,0.571698942213867,-946.083014899866
"975",975,0.592736813901729,0.593671202773927,-946.647281103518
"976",976,0.617843211651232,0.573404176901458,-945.838434950104
"977",977,0.581364060611702,0.555659168556997,-945.336255763298
"978",978,0.594483402665978,0.538823464804536,-945.953107388176
"979",979,0.593696448967429,0.553789774345073,-945.423805673102
"980",980,0.530469868483985,0.5641351569514,-948.28031760562
"981",981,0.588316917125532,0.55679417151042,-945.334350682215
"982",982,0.566910973753023,0.564376127921854,-946.162075471527
"983",983,0.580511758946539,0.514417622958376,-946.605372354742
"984",984,0.5369929329295,0.478886799388886,-946.171495390202
"985",985,0.519427676670104,0.493370685203775,-945.408531113998
"986",986,0.532410114568529,0.50041779643805,-945.238165570809
"987",987,0.525609833894146,0.519426737954251,-945.982910041914
"988",988,0.519906952677964,0.455241398792998,-947.044088331324
"989",989,0.522120606123255,0.545930072731094,-947.725714854303
"990",990,0.599725150451377,0.542731599258824,-946.073908011443
"991",991,0.573487747832908,0.540012342356135,-945.203503827621
"992",992,0.580900168996146,0.548634887987124,-945.259626066912
"993",993,0.570742928035865,0.547489446797154,-945.304389351838
"994",994,0.577399186901672,0.54453790683905,-945.230315856362
"995",995,0.572490608800711,0.533380219474346,-945.23901397705
"996",996,0.575594433849111,0.536541091292204,-945.255427397432
"997",997,0.590312409355368,0.55172685088684,-945.371425177312
"998",998,0.594602845832781,0.522137413511216,-947.244937084785
"999",999,0.509333498029852,0.503434713027666,-946.189706945114
"1000",1000,0.52229785374989,0.484968657176259,-945.403541468134
