"i","asc1","desc1","pol1","p"
1,0.106632258860074,0.370299399627791,1.3608045612528,-401.179861008281
2,0.194760751357394,0.332099792462377,1.22914764403365,-398.018549029652
3,0.159513028627287,0.33723975082447,1.20264533251217,-398.431895776916
4,0.160071261146056,0.280537149397672,0.538530944903345,-396.38951424332
5,0.165442122523661,0.227681967710951,0.430372011141139,-394.787587890198
6,0.159297071227826,0.248712033589092,0.376737380825909,-395.930693365061
7,0.16639887316205,0.222323007198307,0.449337433447829,-394.970246742649
8,0.146757731445352,0.196222754098114,1.05101036169602,-396.608206299373
9,0.0628831371285489,0.111074612083971,0.620161473445478,-382.535696088929
10,0.00711774584513736,0.0866321770140472,0.664293230008317,-364.64432076109
11,0.0059430501540771,0.00844072150551499,0.733213891400368,-242.887153982222
12,0.00442765237249,0.00602161107658692,0.327263272074539,-224.922359608787
13,0.00367020861304897,0.00434494118848525,0.360267929019555,-219.571608293791
14,0.00248128131458023,0.00453860261149246,0.013482561609154,-197.756401857941
15,0.000203153584391166,0.00395939501178885,0.0487667512274596,-188.679754142859
16,0.000420874685595786,0.00392637910749624,0.0275023165226287,-186.59616687629
17,0.0004189325390828,0.00418755055056349,0.0301813351886426,-186.820461740959
18,0.000412812329988167,0.00346279211684522,0.0500989732388578,-187.577033934642
19,0.000435593367901539,0.00396019797732971,0.0229178753932152,-186.87944336302
20,0.000521392593759248,0.00343618363888738,0.0512392487505065,-187.603657181823
21,0.000348486545708275,0.00370997818212853,0.0244956983016343,-186.877077067667
22,0.000698350305690639,0.00368091235920332,0.0376908965119749,-186.809348927017
23,0.000271887733606126,0.00325853280282748,0.0400907120493281,-187.665910423539
24,0.000265873243025919,0.00425052368730232,0.0418670316833245,-187.917343034372
25,0.000273187103486462,0.0030506485685044,0.0312835144554014,-187.63316049594
26,0.000523098169757847,0.00376155875817831,0.0319598696002915,-186.37225010888
27,0.000992866745513308,0.00351689788162755,0.0334780397427842,-187.627543369314
28,0.00146691325551431,0.00372902373590162,0.0441054540833397,-190.667779780684
29,0.000285557016607012,0.0041879878905869,0.0154015659596934,-188.534290806576
30,0.000857940437436689,0.00406957397773,0.0184413475820322,-187.919161742172
31,0.000508450857492868,0.00325784853385132,0.0214185017636626,-186.989511374086
32,0.000608641309901196,0.00327420946246799,0.0362972712223331,-186.799642830839
33,0.000416758417989291,0.00458755193601277,0.0456347190145233,-188.07342247107
34,0.000737238829408214,0.00379800457337658,0.0406357808860567,-187.10001379024
35,0.000709416486618562,0.00338557580369158,0.0245897386479725,-186.782025300776
36,0.000308412467343135,0.00421315072845154,0.0295893408688604,-187.261867860474
37,0.000677685872943217,0.00365590032123416,0.0191935921945131,-187.158770012655
38,0.000769687478029041,0.00355007415345739,0.0321282618943639,-186.766827874978
39,0.000732398313276997,0.00321306470379799,0.0343813386318294,-187.041566605951
40,0.000376382705129531,0.00487497048117963,0.0376257977391074,-188.384510553022
41,0.00107601467927342,0.00358432215052721,0.0274789147368325,-187.840006246014
42,0.000541358743115386,0.00344795038307815,0.0355860332523762,-186.53925620091
43,0.000571209185937818,0.00391014394490563,0.0381809903998383,-186.698750700268
44,0.000334204099726275,0.00429199176793564,0.0223264588603666,-187.645018503173
45,0.000629294360858247,0.002807640836423,0.0219619297113696,-187.862318501233
46,0.000288432187070779,0.00326774536208589,0.0462525040779787,-187.972432539727
47,0.000707142375379176,0.00432945681652075,0.0405726039077055,-187.490020530874
48,0.000273859469912871,0.0029474043063833,0.051456445514753,-189.103106381715
49,0.00101052294761532,0.00374346427345211,0.0128605792830325,-188.958745959445
50,0.000918203656552869,0.0036861416569522,0.0493284276834699,-188.324926583536
51,0.000775176222135204,0.00360322764227312,0.0299766934847796,-186.72969410322
52,0.000305256013146878,0.00352279162651375,0.0237305939151253,-187.172937138758
53,0.000560847554670588,0.00390081902801397,0.0220028990268057,-186.8335562696
54,0.000627781409607239,0.00280522163472057,0.0283781017759521,-187.546083914905
55,0.000484617302770702,0.00271959824477067,0.0283193491735894,-187.752026639885
56,0.000728021093000674,0.00477140152783749,0.0342606443304772,-188.091296923243
57,0.000373408578025448,0.00430071552424954,0.0386670511396492,-187.293825094087
58,0.000441556509530222,0.00398512687459671,0.0422170651443912,-186.999114029566
59,0.000750684613575137,0.00397141028428265,0.0368088827869609,-186.999353750235
60,0.000920846368408098,0.00399915883144045,0.0293184155840296,-187.345593360791
61,0.000733411454093029,0.00341811575208706,0.0230805727002744,-186.922187996187
62,0.000821466643224547,0.00361777841188951,0.0279603662626172,-186.867469145817
63,0.000820755138505016,0.00372322823363516,0.0446136742585346,-187.615433352581
64,0.000950621867863385,0.00325654955649107,0.0111495288446584,-189.372347519677
65,0.000453418129903708,0.00321547363141824,0.037967670426541,-186.922005659047
66,0.000872565671536433,0.00322535491411669,0.0193477209746481,-187.886350848816
67,0.000388958675136388,0.00305291718439381,0.0115798204204151,-188.907972082617
68,0.000689590630954264,0.00309392457325844,0.0552161669773357,-188.639860588386
69,0.000504262210129458,0.00435631287779715,0.0308959656473256,-186.973618785635
70,0.000237725872332506,0.0032135621262777,0.0138634373154235,-189.159511170583
71,0.00061491387259769,0.00318652657682943,0.0419137645059227,-187.296634883092
72,0.000417604764635443,0.00342168971040097,0.0833143099967851,-190.156294089026
73,0.00052086309735074,0.00333027015286854,0.0509571506068334,-187.683895381716
74,0.000541148293565453,0.00441180727492453,0.0620124050970171,-188.884910665836
75,0.000221591003722951,0.00310065142923255,0.046674455630222,-188.852311460943
76,0.000736339106316848,0.0043743841294899,0.0318816098050679,-187.280318386012
77,0.00112090160451946,0.00378268636591035,0.0161796901958842,-188.985736639687
78,0.000685297695448121,0.00307846489658234,0.0517848877244335,-188.396760055917
79,0.000662282795503149,0.00446243080191362,0.0107757915768335,-189.329612302449
80,0.000687167477944502,0.00452315531547017,0.0120528127119166,-189.111351294145
81,0.000465511669250961,0.00328829859094672,0.0320582359956342,-186.564021430039
82,0.000329861308990317,0.0033412560144438,0.0233599765933291,-187.173773072043
83,0.000334789301289942,0.00357893320332253,0.0359657291225414,-186.836165424855
84,0.00028720860304158,0.00289053308446733,0.0260785190795201,-188.005048990945
85,0.00165664354737086,0.00293503335247836,0.0361738221201931,-192.387588785774
86,0.00103674255105758,0.00284856635560668,0.0224007533565602,-188.917852817686
87,0.000850270996330504,0.00331626702100698,0.039771278302096,-187.609856775003
88,0.000846155340261539,0.00405191584989093,0.0457333710266013,-187.91202453466
89,0.000469407940565823,0.00312198706193199,0.0286119249109399,-186.763668227582
90,0.000420913412911156,0.00447328946651501,0.0235757215555709,-187.566794362543
91,0.0010133402071386,0.00337575643281601,0.0309930693859051,-187.721393160643
92,0.000708530732412036,0.00325816771110547,0.029266306432802,-186.774694835966
93,0.000478460173987553,0.00333202682510128,0.0305149692524916,-186.48572552966
94,0.000686627356511164,0.00337260579322878,0.0357487344263144,-186.811821379884
95,0.000650622710961191,0.00466479511736032,0.0211567995299742,-188.145870414028
96,0.000648311704710347,0.00484092155036376,0.0279488488674192,-188.112367902492
97,0.000634967498862651,0.00458571767629771,0.0436543425959458,-187.968765683791
98,0.000342776761560135,0.00458538741834886,0.0320234501052942,-187.721901327122
99,0.000333274885489998,0.00410979161756496,0.0252723123702187,-187.175805726394
100,0.000556190670775956,0.00349373948064456,0.0352106466903719,-186.505362051218
101,0.000523694263462521,0.00341572042914383,0.054195924220918,-187.846902876376
102,0.000463697499738569,0.00356184813010937,0.0617431733902487,-188.342335346953
103,0.000281883020989872,0.0035365884557041,0.015333600306479,-188.243416683551
104,0.000154947970786391,0.00342264103172368,0.0291174342565472,-188.623894765675
105,0.000417562502641271,0.00379668930217312,0.0358979184561967,-186.593045590599
106,0.000594896358597944,0.0032706991346595,0.0261421054950435,-186.62838539277
107,0.000347942747454674,0.00341635396408195,0.0314595970198978,-186.727503934145
108,0.000609267578118997,0.0032105772719587,0.0276163539091611,-186.671201696981
109,0.000410572938291784,0.00364122831901314,0.0353039986383438,-186.557898740914
110,0.000437214300072243,0.00337612639823303,0.0347548856038474,-186.600697068395
111,0.000828324456159628,0.00372479049095291,0.0417392920378178,-187.438191457243
112,0.000377776727113385,0.00374396735021057,0.0399711200450041,-186.880130644672
113,0.000348003173941403,0.00381941394167755,0.0291675706775479,-186.708065360543
114,0.000250513828933628,0.00355201339887031,0.106409142274854,-192.751038672637
115,0.000903629423788685,0.00356476843608038,0.0976004485586488,-191.985503341469
116,0.00117192256577354,0.00273346189138344,0.0851760976884139,-194.067305663441
117,0.000329888033173179,0.00439442704151501,0.0653192530350239,-189.429263893109
118,0.000333381758870046,0.00298461549738606,0.0527306422754431,-188.757507947853
119,0.000845778379993066,0.00388886608011797,0.0415310146005134,-187.521285768471
120,0.000801943393469846,0.00424431959019253,0.022041137291819,-187.60511775681
121,0.000247189230956042,0.00356559639600429,0.0256393456091098,-187.464037704981
122,0.00023686617847295,0.00326363508593397,0.0252471452442266,-187.803709238431
123,0.000741308630256088,0.00344901053265013,0.0295693692118209,-186.689415216352
124,0.000815144618841942,0.00486347044936956,0.0419449824012592,-188.8668125109
125,0.000667677793683948,0.00377044842703037,0.0244828328002236,-186.664290126873
126,0.000355821477104593,0.00357953488625394,0.0471817745534783,-187.451565142644
127,0.000372192853765025,0.00412783160930809,0.0387557097100351,-187.080243800306
128,0.000390840727551012,0.00379498772193108,0.0343769714888342,-186.598015321105
129,0.000547174480393443,0.00455334798669042,0.027765974997681,-187.384685970579
130,0.00055724198171871,0.00347908513455373,0.0331329895495618,-186.433425034354
131,0.000517341316712955,0.00182555495621272,0.0202709111696605,-193.919644541569
132,0.000423230025561436,0.00618612649489602,0.027906274862254,-192.642960358189
133,0.000754987609677545,0.00575824290292676,0.0494441924956389,-191.767043372414
134,0.000679349828929529,0.00260782634820753,0.0116990381600291,-190.192231721996
135,0.000639486776232883,0.00270923271230807,0.0110108781388858,-189.887633986921
136,0.000356321110660236,0.00434044745085495,0.0654412377579962,-189.261608748146
137,0.000354559465418114,0.00476379460360536,0.0294337304316068,-188.092385532687
138,0.000718647949835793,0.00376249219274548,0.0291352295687649,-186.602053399493
139,0.00097956317603964,0.00368829238129882,0.0228337703803902,-187.654619186975
140,0.000980286125350967,0.00302025262430919,0.0131279187786074,-189.507782572768
141,0.000153619290733005,0.0034220033349312,0.0305503464669508,-188.622558036639
142,0.000400520424348297,0.00338926984845545,0.0306754983308413,-186.565356661311
143,0.00045474778090125,0.00343964386914294,0.028649725448524,-186.438882043178
144,0.000541712894314398,0.00364219993213114,0.0380024184248725,-186.596806972447
145,0.000348331171603513,0.00342082889583159,0.0319874533344256,-186.729729442634
146,0.000717684011890536,0.00386491201510789,0.0381095567289601,-186.921241598183
147,0.000491304768776616,0.00348896322404982,0.0343935028938012,-186.463408698547
148,0.000722015861394823,0.00360279735446867,0.0321570478385778,-186.630281612339
149,0.000661009063204448,0.00336168508703404,0.0208274382222252,-187.045233431798
150,0.000367928351461989,0.00358262984407485,0.0456643969177507,-187.299366040034
151,0.000480871961012038,0.0047080162345585,0.0134052977514694,-189.151837453262
152,0.000632120032716628,0.00362950324501289,0.0207277906034064,-186.918162312906
153,0.000198086195269582,0.00417959457323627,0.044697203065261,-188.648046958563
154,0.000825355114400152,0.00386529811941614,0.0486252238009268,-187.947683833422
155,0.000309279049188349,0.00432993512827394,0.0212460896771243,-187.931139545838
156,0.000458601631274925,0.00348161643088441,0.028332993432133,-186.419266336588
157,0.000501943623804978,0.00354784794352681,0.0391187885336345,-186.674190649538
158,0.000399093125912944,0.00313891285435201,0.0388327483508936,-187.184669584844
159,0.000791372706763814,0.00485201677384446,0.0240848798324879,-188.616345253068
160,0.00080598050879415,0.00292865924031987,0.0267058605348016,-187.643529051025
161,0.000635712147907249,0.00451771290489411,0.0279703807322609,-187.377858613022
162,0.00044475074290535,0.00365928238920719,0.0271222291513148,-186.446541086033
163,0.000822318377816781,0.00312156705914268,0.038960165713424,-187.75231865504
164,0.00091535133548595,0.00492736509289588,0.0320216932466017,-188.947260254965
165,0.000383709206930876,0.00493693286780448,0.0172289712548905,-189.330219841397
166,0.000638486799469135,0.00261326535805079,0.0391987887708563,-188.745030128982
167,0.000534670208332723,0.00424012560367114,0.0439152280267644,-187.331248784856
168,0.000618732777938799,0.00292607193194638,0.0200864135331008,-187.756994487414
169,0.000477060146302977,0.0034235095338689,0.0249267761197952,-186.567240833906
170,0.000331354405771989,0.00439070345150501,0.0440265517558651,-187.877386428045
171,0.000345374254787503,0.00313935005043507,0.0123223037658416,-188.75391399754
172,0.000853714019006574,0.00310136137704157,0.0285934365277406,-187.423174515514
173,0.000375949302788903,0.00326396658766248,0.0298715487721331,-186.754008103714
174,0.000404381277804728,0.00313106345834541,0.022375276772446,-187.229191063671
175,0.000228088306179888,0.00293770667656981,0.0388576633487557,-188.591474612323
176,0.000539011779895349,0.0042780659097406,0.0281920089550518,-186.880404420232
177,0.000725968532686227,0.00296911464475647,0.0242794983939003,-187.42919694684
178,0.000364368048826559,0.00473761735428938,0.0310321369243215,-187.975024814447
179,0.000182725383106973,0.00443849578005042,0.0240786485640914,-189.044564912753
180,0.000904115205248581,0.00358769166707694,0.0524782626312704,-188.539547336864
181,0.000226498984560123,0.00337405416007347,0.0360026686241853,-187.719608467705
182,0.00102843971520449,0.00298069791769062,0.0514472160330295,-189.916567946158
183,0.000471477317212191,0.00500768761779876,0.0236122795117655,-188.730305705934
184,0.000668724638292336,0.00325975400968556,0.034939800385358,-186.853473782066
185,0.000304076170982026,0.00454823560442751,0.0253303780086667,-188.025196042919
186,0.000741384964207047,0.00332527464063156,0.0348234132922991,-186.947756521364
187,0.000682947295613533,0.0037519960947017,0.0685508937093362,-189.028270231823
188,0.000573204047685552,0.00362786637255966,0.0384196949627488,-186.644925787294
189,0.00077553608083092,0.00300390204548458,0.0241187811533353,-187.488391172792
190,0.000329679866130268,0.00367872146264531,0.0216854346838903,-187.211210624322
191,0.000685181033589708,0.00404589031142009,0.0279888013376275,-186.743774500143
192,0.000646956749589945,0.00379256485333377,0.0399503410399556,-186.852049070652
193,0.000584924432709664,0.0025977863944373,0.0459384115790566,-189.241844360615
194,0.000452357461087813,0.00375802423401017,0.0631753798341877,-188.432858556319
195,0.000493808975751983,0.00442386797531986,0.0811953949617469,-190.398379197723
196,0.0011419577836482,0.00328735283862166,0.0418245988291428,-189.086999614623
197,0.000812519546716926,0.00333913194747556,0.0234071407573677,-187.158185323053
198,0.000766304433227606,0.0042023406166042,0.0468405490622254,-187.885910435419
199,0.000605660453701082,0.0042076416251099,0.0449361237747905,-187.420384866551
200,0.000549783624349176,0.00425191962074857,0.0478084278540662,-187.616925394158
201,0.000806848518303857,0.0048189049967526,0.0531336677301461,-189.485663233658
202,0.000360690679896047,0.00414112041223895,0.0576446148645079,-188.412627166609
203,0.000433773161922366,0.00383483516196346,0.048728451253611,-187.37674761438
204,0.00124237567839659,0.00347230544582734,0.0188842494207437,-189.268012194688
205,0.000776303987284027,0.00376984019420646,0.025529381617723,-186.838471440902
206,0.00145568420065632,0.00451334742533919,0.0300577193312144,-190.432979393406
207,0.00078905324125317,0.00343516284894332,0.0167197603008244,-187.761584745795
208,0.000317239123577029,0.00370910215265265,0.044486696067025,-187.400868674937
209,0.0010128278116681,0.00380124035229352,0.0102541004631114,-189.645115941113
210,0.000988327443505086,0.00377420689698797,0.0540793678059866,-188.967128395456
211,0.000956008603636566,0.00412349213164118,0.0152216599530452,-188.657146698356
212,0.000476811754428177,0.00423602653007824,0.0256584702285498,-186.944971100569
213,0.000452233057324665,0.00332250484415824,0.0256553243765853,-186.629498475817
214,0.000484613583554926,0.00417757417177704,0.0241169586773077,-186.95690131991
215,0.000323576780361647,0.00392622643478896,0.0311659913690723,-186.867670556833
216,0.000825287536526223,0.00339033574467099,0.0284114411429072,-186.966965293382
217,0.000319844873321303,0.00337921386536234,0.031278024007981,-186.885017007968
218,0.00104973959211179,0.00480188665044776,0.0304869417503685,-189.125824257883
219,0.0011263296751485,0.00321745441727721,0.019069220347509,-188.938124413357
220,0.00039058697896799,0.00398212694102875,0.0207794606880225,-187.210741496908
221,0.0010019984659181,0.00429183829544555,0.0357958595770715,-188.13976417902
222,0.000490303949569921,0.0053852635528137,0.037058843181946,-189.624402227781
223,0.000794845924738741,0.00392552988872955,0.021542354625331,-187.279103738351
224,0.000496404169966853,0.00264505906440842,0.0247191090290705,-188.134121517301
225,0.000925049546787652,0.00446202652012885,0.0402854537798049,-188.333461154904
226,0.000340259828597131,0.00419815726778753,0.0312510872750036,-187.071806228171
227,0.000645406221651909,0.00513267531135103,0.0367978460873149,-188.938745440274
228,0.000174154988567689,0.00472434084238178,0.0439181993819846,-189.832094366282
229,0.0010434913503653,0.00356364790323259,0.0403822446901181,-188.240594476562
230,0.00107326923724233,0.00337168151148429,0.0250931998842057,-187.9993325073
231,0.000203913882997642,0.00380549098402199,0.0249576569436075,-188.000594130546
232,0.00135167196080182,0.00347347801531208,0.0594790569927712,-191.364686769044
233,0.0012638722193603,0.00456606845925031,0.0270170921849865,-189.602771899084
234,0.00123877923961411,0.00353344418370372,0.0235829382491029,-188.753176768502
235,0.000883360043513364,0.00345540288554643,0.0386078123970121,-187.518582410334
236,0.000692146564190951,0.00404253481866375,0.0486412090302776,-187.672994553115
237,0.00046809658717428,0.00407079292496226,0.0582497559216825,-188.193835055216
238,0.000495425921753627,0.00398867000572889,0.0512992209910884,-187.597411391952
239,0.000512842211658219,0.00348026787264145,0.0229638729541753,-186.666062891766
240,0.00102330303991485,0.00471625870757926,0.0394164271787916,-189.127686625037
241,0.000452739803734088,0.00430266164138666,0.0483711585055889,-187.73561241977
242,0.000370488568273493,0.00436816396471787,0.0393687605243798,-187.43909792689
243,0.000296105229040127,0.00360253902744441,0.0482146982977935,-187.799308842821
244,0.000832018178510771,0.00459901732872581,0.0503855633804568,-188.923484195255
245,0.000435100441735989,0.00319795438584763,0.0149555731016131,-187.932753854189
246,0.000509696540108242,0.00338688843871322,0.0236202937390238,-186.660961268002
247,0.00056582397251665,0.00384040850150297,0.0267080695825488,-186.469616951022
248,0.00100834419568087,0.00363060984620333,0.034197906591385,-187.68593282951
249,0.00114352236093475,0.00445296119564915,0.0185959522320884,-189.505717919998
250,0.000514496686651792,0.00317523193643748,0.051891026389676,-187.971611154585
251,0.000933893329888435,0.00325307511636346,0.0394589217503056,-187.996959016577
252,0.000975338181986677,0.00381395528814085,0.0179193035083462,-188.196374099544
253,0.000647605468265911,0.00403411276101229,0.0437655130003387,-187.233055916045
254,0.000683007927428761,0.00402352083764995,0.0372834373068034,-186.903674951972
255,0.000420492417718124,0.0036373572838867,0.0224744613275583,-186.804617112164
256,0.000349320410337951,0.00406686303498683,0.0416008161792263,-187.250906561898
257,0.00109121202456463,0.00383138426115323,0.0387870193435457,-188.317293355719
258,0.000509276839423027,0.00388097329612165,0.0264504678692572,-186.501088110073
259,0.000243800196728718,0.00308377077592628,0.0392845901269146,-188.133827384225
260,0.000721083153803615,0.00321229249962999,0.0228447470562371,-187.103959191541
261,0.000961218997570742,0.00281780022989334,0.0375857203531284,-188.975209023045
262,0.00101792590037815,0.00402124412284017,0.0407498199353949,-188.208324905379
263,0.00074884591472461,0.00452451852575124,0.00911025925508986,-190.278067563477
264,0.00185998382723486,0.00382828147295632,0.013842057250039,-193.290783677655
265,0.00191158619590033,0.00483894714179318,0.0432952699772748,-194.189452225218
266,0.000144314269089056,0.003497026782451,0.0436180380004629,-189.255711596129
267,0.00100575565317099,0.00399105111299476,0.0360137092658404,-187.857822512403
268,0.000592132214980173,0.00342051619712134,0.0242171891764761,-186.610512705564
269,0.000596715766564802,0.00342790768165009,0.0601603842860858,-188.353565765344
270,0.000903614092633288,0.00296648835358287,0.0800960414973129,-191.556193388151
271,0.000294226819676936,0.00391745187873067,0.0149485466289443,-188.268365464485
272,0.000786987219739522,0.00453487676537962,0.0302792412272276,-187.682789391815
273,0.000455780235642804,0.00291258063816607,0.036373024904611,-187.429353850406
274,0.000520365992328478,0.00390118164375882,0.048319978062662,-187.328278003562
275,0.000279753032000854,0.00392774074261657,0.0441756672193214,-187.658998491994
276,0.000508831549387977,0.00313240245703922,0.0257661423219854,-186.803121930203
277,0.000630542694273725,0.00431176987768808,0.0313546878258653,-186.976803267678
278,0.000322148735596426,0.00342715168697193,0.0265029563451231,-186.931646750063
279,0.000533838073348235,0.00389682849274228,0.0271697543568679,-186.479727652356
280,0.000415194921243928,0.00326320661802583,0.0487419859221441,-187.671943484223
281,0.000897033485228392,0.00390888724456995,0.0228812615521948,-187.45160880265
282,0.000919039687111194,0.00291354145109618,0.0300346198322451,-188.098119527773
283,0.000631376636939053,0.00394549312569412,0.0244370093301843,-186.724228935179
284,0.000737434001401417,0.00418999172599501,0.0211153659418465,-187.460924666434
285,0.000573277722766327,0.0028550351840394,0.0778083680205186,-190.726496290874
286,0.000426676188876286,0.00332016540451316,0.0232138443998456,-186.856076830989
287,0.000540931778183174,0.00454897209661574,0.0356950490199484,-187.407749841866
288,0.00124365049481544,0.00305753133841856,0.0302710754924673,-189.277640052138
289,0.000925664298877385,0.00479653433767102,0.0462852500935337,-189.347387296313
290,0.000346529347436657,0.00347785821192562,0.0279905602884512,-186.728777683561
291,0.000465198717470695,0.00371107519557836,0.0226019467520393,-186.723951202718
292,0.00052385804367827,0.00351978752872956,0.0585430977677212,-188.104601568905
293,0.000600380822737344,0.00363376039735923,0.0192399212496175,-187.052102469694
294,0.000600625702538811,0.00373662840939614,0.0521520385620828,-187.633228909773
295,0.000408641508849961,0.00348265957869598,0.0261505034841528,-186.588024790435
296,0.000495636242236528,0.00499880671944053,0.0373640529476893,-188.505683293754
297,0.000565365045823373,0.00276255565090697,0.0270847667425611,-187.627273870863
298,0.00066426241866871,0.00415052677478935,0.0132200535465981,-188.194237040462
299,0.00041467739823754,0.00306932245848612,0.0459412037211442,-187.78504021317
300,0.000931596974339826,0.00395305478823668,0.0328822940124847,-187.408579524138
301,0.000571656323889288,0.0031872809132947,0.0228337192519359,-186.931038790261
302,0.000743512299164227,0.00446147915869196,0.0717510631770217,-190.049906130405
303,0.000435388762031618,0.00487045490287778,0.025038313351725,-188.319339274342
304,0.000913872825444975,0.00283909916217347,0.0583898195284238,-190.353639362548
305,0.00107861395414781,0.00512468382867697,0.06531157828115,-192.089075758107
306,0.0009162080321733,0.00494286989094226,0.0517578644825673,-190.019776307357
307,0.00105672091149738,0.00282688363276917,0.0491599945240957,-190.337229942021
308,0.00118879021718798,0.00401664182228192,0.0570064442425301,-190.187733923003
309,0.000348103365371882,0.00423871076270955,0.0229187544260192,-187.453703807323
310,0.000612551755058787,0.00366699048011572,0.0509303812813026,-187.561430504986
311,0.000336770789472187,0.00409915129527183,0.0236311430991563,-187.265711247816
312,0.000398660068810054,0.00352169823205223,0.0547002334890857,-187.921870054999
313,0.000585898771666697,0.0037019724928599,0.0552386386667371,-187.847489317793
314,0.000376550036697735,0.00322581715514235,0.0376410378127743,-187.041268583587
315,0.000374196446057741,0.00339494588656117,0.0247245182288372,-186.826567011715
316,0.000828502813188017,0.002920941328355,0.0216578977407465,-188.029289998193
317,0.000488187879037335,0.00415267310698559,0.0404637256236784,-187.014216795385
318,0.000316033159984601,0.00308750138969416,0.0596843982054376,-189.159666793721
319,0.00059665932731875,0.00337745443426983,0.0245054200821795,-186.622142118063
320,0.000614631615549256,0.00358774808784661,0.0256997616715114,-186.489660083185
321,0.00045648878542049,0.00369769502199684,0.0356997138314546,-186.504141292538
322,0.000447461271631312,0.0037090267849111,0.0349768740983317,-186.487084962997
323,0.000585768624441733,0.00465297706528838,0.0494842034409643,-188.420829761588
324,0.000505727703884419,0.00294833200166245,0.0246415249852879,-187.223268593156
325,0.000676742381303313,0.00307529954200139,0.0265815721795508,-187.010578704507
326,0.00053322782483014,0.00386221082927452,0.0393198936132338,-186.712382352164
327,0.000966703618243266,0.00383646526311414,0.0335987422432444,-187.507762124394
328,0.00103862804318057,0.00346157974544489,0.0260359456305361,-187.755070752008
329,0.00107181152993988,0.00410657402865671,0.0320505069492836,-188.078317641647
330,0.000337175698518232,0.00363544622295443,0.0161124369605659,-187.784995666935
331,0.000518609263735426,0.00324227813094883,0.0278043985066003,-186.578666331115
332,0.000417964169544894,0.00302653381444963,0.0286162759292272,-187.020397877351
333,0.000723187048611117,0.00322360735420351,0.041637262902804,-187.45952043476
334,0.000626063379414518,0.00279024618709501,0.0346990196767376,-187.778669923103
335,0.000375270396356144,0.00475844617181262,0.0310523993827348,-187.987875900924
336,0.000532023516701792,0.00275546477683349,0.0365160112109593,-187.887799397167
337,0.000741257742757756,0.00352128864459094,0.0234306102681033,-186.867896406023
338,0.000564034789274085,0.00274848145309231,0.0339329161551135,-187.792564420417
339,0.000699285574957398,0.00385255793705781,0.0233592279725832,-186.844873163801
340,0.000429388412375929,0.0036328159700582,0.0122722517863142,-188.065208714306
341,0.000859692933648519,0.00376928833274853,0.0325198172215939,-187.05411222014
342,0.00089471772477605,0.00371872718611666,0.0410165733792635,-187.625426727011
343,0.000493193062630427,0.00455810966830212,0.0227380492650923,-187.705373329237
344,0.000542306221418947,0.00326138407626669,0.0191860781799299,-187.240826069455
345,0.000659502570316313,0.00372015673654448,0.0636336113264483,-188.60309754721
346,0.000757703897420615,0.00292486922980014,0.0078440473429556,-190.771109605832
347,0.00071651203239196,0.00465465008777388,0.0887610272374395,-191.654460861188
348,0.000513809349981454,0.00480979908397,0.0333515412762182,-187.915656252151
349,0.000657485249580956,0.00472616911118932,0.0281674976975936,-187.846061709424
350,0.000541889550437883,0.00426977037529559,0.0451378413837563,-187.453119287305
351,0.000279180106065475,0.00429737487084527,0.0287245334826074,-187.584875253418
352,0.000528369045104952,0.00390249252903383,0.0298916718470461,-186.431084171978
353,0.000662830043730449,0.00356898414665417,0.0303852243664072,-186.477636502786
354,0.000396279424046857,0.00359770827098802,0.0201075315333433,-187.11813158286
355,0.000681671785384996,0.00418420263501972,0.025824344648789,-186.979732342271
356,0.000387270418172211,0.00387228068791293,0.0290422258487799,-186.601722785938
357,0.000869836931905497,0.0034847804857108,0.0301713033333635,-187.066422329901
358,0.000936675167841238,0.00326587606794516,0.0404016859368556,-188.058129637977
359,0.000942935942789955,0.00453814838736143,0.0423315878840545,-188.651488742597
360,0.000503814283326802,0.00297626657168435,0.0259931111464162,-187.087840118575
361,0.000444653939529019,0.00387636792752138,0.0373830978727787,-186.652802895319
362,0.000556699313802279,0.00476018320632986,0.0316728753448892,-187.787425513861
363,0.000631715600665327,0.00396067025367025,0.0145571057522962,-187.742498262986
364,0.000400991561746684,0.0038375514995442,0.0472811877342169,-187.331080697912
365,0.00058368925791541,0.00378508934633502,0.0278725052174411,-186.416451676627
366,0.000394043173562802,0.00304895010480185,0.0250504763526042,-187.176497236043
367,0.000331439068705449,0.00262284373260703,0.0317625566837609,-188.520394647502
368,0.000675636666082673,0.00393213684317586,0.0263415735761788,-186.675487893712
369,0.000678386959704636,0.00429264003444547,0.0325128972503787,-187.040596181012
370,0.000477043010092705,0.00417686425558115,0.0398909116169089,-187.015728780953
371,0.000730904607744935,0.00358388207587093,0.0431095926012953,-187.260225782001
372,0.0010438576354914,0.00300481581741492,0.045078602970768,-189.416440616276
373,0.000183789918042955,0.00395185911944702,0.0665931152409329,-190.294213515628
374,0.00111326372458111,0.00367597392690184,0.0923596037624808,-192.467291081333
375,0.000607309042613405,0.00319056263285048,0.0828053259735408,-190.376127112344
376,0.000227850449461335,0.00380883773973642,0.0915855827913597,-191.750146017861
377,0.000232706048183989,0.00394675346600686,0.0810810973471272,-190.889299856132
378,0.000251318872254367,0.00368806064715992,0.0714172924996765,-189.902487508034
379,0.000204477974509151,0.00379270814453369,0.0742610743663932,-190.603302949937
380,0.000456708610150151,0.00432394300683824,0.0185509900767137,-187.720560654831
381,0.000633387867353342,0.00373906917210551,0.0281479962406894,-186.448415045496
382,0.000512141936554131,0.00433003715513459,0.0318478311661577,-186.933135576871
383,0.000508447118498734,0.00371940278277991,0.0311536164340993,-186.351119584113
384,0.000192963642314205,0.00353867947682614,0.0296714218787001,-187.927468413126
385,0.000787594791340481,0.00397220845371787,0.0343158927715052,-186.992035956332
386,0.00063125673834662,0.00445063674096161,0.0259882980232931,-187.322001672206
387,0.000674507154204732,0.00409277046246663,0.025924883229263,-186.84848914513
388,0.00106460065020325,0.00404958530906602,0.0432886378004463,-188.602939096008
389,0.000436968997974121,0.00423103597730236,0.0128266058099009,-188.405653136961
390,0.000502306838146512,0.00336736158073575,0.0270697386844839,-186.481813671121
391,0.000461253496162675,0.0041725915302744,0.0351854239694967,-186.810530255902
392,0.00083223062405118,0.00432561571695224,0.0263595211128952,-187.519856449331
393,0.000516289989668126,0.00311657486195496,0.03508595988779,-186.895202324358
394,0.000351950691050354,0.00336950910889104,0.0251293568056379,-186.905429559241
395,0.000471752123562604,0.00386055740272522,0.0558463383747852,-187.880633438043
396,0.000287331003278237,0.00390026930887789,0.0164039361468613,-188.113317396354
397,0.000607990289420849,0.00354348383896332,0.0401530156941057,-186.815483032883
398,0.00100013996521517,0.00394712083310996,0.0174917051799594,-188.413323656912
399,0.00026365087279898,0.00334713865855608,0.0307557514151656,-187.282434724006
400,0.00115895475673118,0.00407745541585848,0.0316241551394282,-188.428902301707
401,0.000572940749760997,0.00323741585436969,0.0257842146486757,-186.665055335539
402,0.000284131949418407,0.00454793042814006,0.0426828123149575,-188.31694601137
403,0.000647533679393938,0.00355685845451221,0.0544704202582315,-187.92273792987
404,0.000853446040632922,0.00414644202280897,0.0223047504495181,-187.596490972655
405,0.000528391367040469,0.00388572058167935,0.0317323036984827,-186.428826352176
406,0.000734171821872016,0.00363656552835348,0.0288378100898219,-186.6189993735
407,0.000672265974964367,0.00356873634001487,0.0296585330167662,-186.490759103542
408,0.00044290517493173,0.00327986484970628,0.0375612233583397,-186.827049630577
409,0.000604305238063893,0.00348507228966921,0.0366535536962452,-186.629722383599
410,0.000182356815848558,0.00347470826120184,0.0261665372499519,-188.249175541509
411,0.000537730989634598,0.0039369040624512,0.0633864872523679,-188.488102049599
412,0.000513003409810922,0.00342314337915825,0.0366601621765958,-186.601687053444
413,0.000156035488287598,0.00371599081721414,0.0232879163376574,-188.860066319554
414,0.000718158939154951,0.00395273162133799,0.0172303956759322,-187.576718466487
415,0.000638364069056225,0.00419358026818532,0.015431610272995,-187.889966023402
416,0.000489883051074362,0.00455409876199698,0.0472945533352291,-188.044203531358
417,0.000378821461842589,0.00354142832118278,0.0181755693263019,-187.403764271626
418,0.000724505320449785,0.0034698124290801,0.0322671585151761,-186.685283994506
419,0.000514655274897101,0.00421850146973628,0.029558926233129,-186.768423864504
420,0.000484465179497634,0.00456740949757376,0.0346412510132773,-187.41962767776
421,0.000470118799540947,0.00297015621604026,0.0357491888247409,-187.241177468733
422,0.000576885619076448,0.00366854808805362,0.0244717172024434,-186.532218491476
423,0.000634853837461888,0.00373072382358872,0.0376505341937655,-186.683745218402
424,0.000700563304008689,0.00346990874832358,0.0372452766929604,-186.853328366458
425,0.000452686864909938,0.00392000693282847,0.0335854279561256,-186.526503961298
426,0.000373581415759856,0.00385292542841589,0.0269390623856298,-186.696558269837
427,0.000815699329145285,0.00308743723867098,0.0354481841963298,-187.566476258519
428,0.000581418064757129,0.00441772923413905,0.0645576257803003,-189.120741006398
429,0.00100705469415953,0.00327081050551581,0.0149012172364282,-188.906102170313
430,0.000696881075576595,0.00395024516791335,0.0289553763945592,-186.663580949465
431,0.000621655672707955,0.00323861133431647,0.0226674988370637,-186.921722020507
432,0.000622745272216425,0.0038835015543891,0.023377285529222,-186.745552790467
433,0.000732117884875163,0.00296854756843934,0.0202219842014716,-187.829296820574
434,0.000731552178796215,0.00415993727498539,0.0313497251262518,-186.955450806504
435,0.00102609501671416,0.00383458760725887,0.0274523654845668,-187.658998048367
436,0.000557160548703935,0.00399332636374006,0.0261524827247131,-186.606651518399
437,0.000595498400010249,0.00282965032852099,0.030721897098201,-187.455455646809
438,0.000805301497748181,0.00400847317946341,0.0467433334290538,-187.818659734552
439,0.000503506199110948,0.00439232251688985,0.0133028546039674,-188.482763167806
440,0.000852554162582324,0.00334452933621293,0.0214202937316834,-187.454310687835
441,0.000316929318102167,0.00450327338011395,0.024019323537369,-187.955502617317
442,0.001129788635402,0.00310992350135149,0.0179678728402541,-189.273807467561
443,0.000372733339964683,0.00443704386746645,0.0198088666906425,-187.972997038439
444,0.000523480993903574,0.00293955101342827,0.0586328521382311,-189.00134938651
445,0.000332968893033433,0.00348351760189597,0.060082443000676,-188.580106470849
446,0.000914556230573931,0.00324849736104815,0.0304267421263558,-187.445071135081
447,0.000425072911777197,0.00355431999700545,0.0313004017699711,-186.436435913213
448,0.00104726405267679,0.00396371568360272,0.0167673557130715,-188.692888424478
449,0.000989143658832556,0.00330133888412027,0.0733385691461524,-190.737758687056
450,0.000487611367518021,0.00387089606224739,0.0238276668289661,-186.668423382033
451,0.000457772671280806,0.00500692183144898,0.040055775304681,-188.667211843872
452,0.000781021192985706,0.00473965825459563,0.0381418718411329,-188.293730295794
453,0.000277739808286554,0.00486207651575128,0.0425393766229265,-189.028917065681
454,0.000720566603225936,0.00405757843230265,0.0436945504086507,-187.404562736313
455,0.000243474877084898,0.00350723497402488,0.0292590035413083,-187.368410000327
456,0.000530521896179103,0.00315244911669449,0.0252834948268999,-186.792424011743
457,0.000563484149212907,0.00336686241632283,0.0407436697743149,-186.920586541037
458,0.000462868474699994,0.00374900959642311,0.0261457487999651,-186.483577293757
459,0.000500911413475489,0.00345445416684527,0.0447790776477642,-187.104318752246
460,0.000508410563556806,0.00465845312662206,0.0245019595015109,-187.775510034342
461,0.000525026266519336,0.00296816296988702,0.0282018887514798,-187.039622649994
462,0.000692876365134657,0.0029846037751959,0.0311888311647701,-187.238364392765
463,0.00130450608820006,0.00496769786792527,0.0449477421537915,-191.254130394498
464,0.000579191716695075,0.00404596909258874,0.0261666956832116,-186.669859670027
465,0.000472367938731969,0.00342167893975303,0.0214096965799576,-186.882155897355
466,0.000550434651934438,0.00348133096178622,0.0352475985765517,-186.509536504354
467,0.000418300304661283,0.00360748068837456,0.0342585909641755,-186.506728927601
468,0.000471779181920821,0.00375439250821309,0.0205710032102321,-186.933826247622
469,0.000761499067957305,0.00309421946341886,0.0347654650973101,-187.342004902488
470,0.000796473028188341,0.00299346450771163,0.0378680824935578,-187.860170274558
471,0.000561858156516764,0.00296320502387152,0.0109440906034234,-189.048952428318
472,0.000496468490591433,0.00396852683414802,0.0761267394387036,-189.490868953754
473,0.000374436782138201,0.00395286774282183,0.0447149796547082,-187.276398776185
474,0.000625750015453965,0.00428300246128589,0.0434282461766129,-187.445464600902
475,0.000288675728391642,0.00353284147063661,0.0371501794916695,-187.152523796621
476,0.000729158555919332,0.00313316606634061,0.0141262458993786,-188.297591777798
477,0.000542364979249634,0.00374166519498037,0.0178503336909138,-187.191571194284
478,0.000520143868565242,0.00381590399282501,0.0287825760162091,-186.390272504739
479,0.000481562250880934,0.00364867807577127,0.0365044427928198,-186.518895263275
480,0.000544358153299137,0.00580309468549603,0.0412859783522481,-191.195943324184
481,0.000411920511172025,0.00570352166660807,0.0376774151950159,-190.82215096146
482,0.000753427127325092,0.00287504372563394,0.0322556834843419,-187.708565100167
483,0.000494194321141503,0.00426585994519425,0.0262668875905321,-186.94382071298
484,0.000477629611616153,0.00437946229898917,0.0285610316943709,-187.05596919141
485,0.000302068858291982,0.00425649430636652,0.0468125509438522,-188.006298676744
486,0.00015183666190117,0.00344702941898396,0.0120625822654094,-190.595373748349
487,0.00042118404357236,0.00357393838522184,0.0484165845978049,-187.375933821837
488,0.000599954878963538,0.0032864290363422,0.0507405325969798,-187.792633581193
489,0.000495531697406003,0.00442682651262116,0.0343580035942386,-187.143691192271
490,0.000623272528772495,0.00541214817843974,0.0240156995627876,-189.923839529402
491,0.000368748111491945,0.00339727776613774,0.0442497837623546,-187.305636823398
492,0.000426260485812598,0.00365286757770782,0.0160553921055679,-187.485782206279
493,0.000401165372487875,0.00344633436187654,0.0463258413528388,-187.329978104739
494,0.000527862860352202,0.00312286155191407,0.0437849487660281,-187.449062568649
495,0.00063560521772676,0.00324749722860285,0.0412134131194326,-187.192118761607
496,0.000378158013636068,0.00503261034511299,0.0258403962424043,-188.840249548269
497,0.000953418136608923,0.00435808480253204,0.0326251653846473,-187.93588169426
498,0.000749901376868306,0.003099443777561,0.0287117734315022,-187.109092055091
499,0.000368213567174344,0.00441242647999699,0.0386856943702124,-187.485837191719
500,0.000412499482900682,0.00401406619233104,0.0194824023357813,-187.31539002894
501,0.0006651348315976,0.0033108295084386,0.0183564504944791,-187.394612098063
502,0.000621727377003662,0.00419278467658622,0.0303630822881568,-186.790808497209
503,0.000937837987329811,0.00428703486310832,0.0316484807833592,-187.754144719859
504,0.00109330827513345,0.00412536048661302,0.0299829654908054,-188.154476143022
505,0.000367701269649419,0.00270391525205637,0.0332279947668514,-188.107961356465
506,0.000568298532445284,0.00442301101909579,0.0347538605707721,-187.160463688375
507,0.000697805621724658,0.00403538056401298,0.0496023616380073,-187.750436351773
508,0.000256969832903308,0.00350145813155865,0.0461461561606619,-187.965991531121
509,0.000584960399168937,0.00485377742358858,0.0361899511333933,-188.118028078089
510,0.000569030106964526,0.00462829449960225,0.0315284786916022,-187.499358553627
511,0.000485945937234815,0.00411559057179262,0.0265352326874049,-186.732411208071
512,0.000398478181878171,0.00314170315348457,0.0332040588417048,-186.906971566431
513,0.000392025721123835,0.00512627990389694,0.0764846903941611,-191.631352648592
514,0.000492581681302712,0.00393790427267783,0.0548505128585714,-187.832166653736
515,0.000654227461511968,0.00408839623270782,0.0528767325080828,-187.944034038594
516,0.000476049830674512,0.00410688001701775,0.0532842717650708,-187.847292462279
517,0.000580623878226094,0.00308599157918386,0.0396995975108341,-187.270377650542
518,0.00061680971618568,0.00368483742100941,0.019289413957959,-187.065717784633
519,0.000435531130046613,0.00333335635711696,0.0388203303075329,-186.851869777926
520,0.000327799864866226,0.0037435527259128,0.064656018843716,-188.875950042963
521,0.000295548179953461,0.00456867277891023,0.018096584608434,-188.763734249332
522,0.000926362608847354,0.00269223677053731,0.0223790214730709,-188.966702156054
523,0.000301255726714612,0.0031439881553509,0.0406917019643995,-187.684067903528
524,0.000527784130512963,0.00292649313514857,0.0194363100706232,-187.806530025833
525,0.000532134370949096,0.00391341475086212,0.0465007215685204,-187.207683214817
526,0.000335573131999279,0.00367774288333155,0.0333403505639954,-186.73755749123
527,0.00050074977475593,0.003748212063932,0.0666771977269152,-188.673185818736
528,0.001079570702529,0.00353927463434091,0.0624997610918047,-190.097538829228
529,0.000313985427847894,0.00362659086856351,0.0460261430501073,-187.534223781142
530,0.00032784970748696,0.00362150100419251,0.0362700665176853,-186.873099451012
531,0.000729621510878717,0.00290854280959898,0.0262902853393043,-187.492723788824
532,0.00108366278868251,0.00311051921972048,0.0305833343760395,-188.388165452053
533,0.00104635385946982,0.0044678993720308,0.0343961602464539,-188.528326109403
534,0.000287743825294515,0.00370131225029472,0.0314556595212635,-186.975848035498
535,0.00046655087179569,0.00414393188000075,0.0381809057980395,-186.895956121039
536,0.00044966067118396,0.00391730243771357,0.0198639927054851,-187.123844110251
537,0.000387963167104596,0.00396492427109002,0.0389422676247707,-186.895859301431
538,0.000844986090919414,0.00304122345564515,0.0252741272180565,-187.561373158017
539,0.000537336096214053,0.00374527777786426,0.0369852841882791,-186.547811780083
540,0.00119508563279238,0.00413718550473118,0.0279132903204249,-188.627577147396
541,0.000216723011844821,0.00423999109818728,0.0317107922159899,-188.006705426018
542,0.000673501333999179,0.00449408430378433,0.0122912545517019,-188.972898490101
543,0.000750078722271351,0.00383549183930989,0.0176023693152476,-187.534863385675
544,0.000353809880088681,0.00360723164809509,0.0429466195631255,-187.150691612507
545,0.000641350678877845,0.00372227488959638,0.0309828422594002,-186.44916390823
546,0.000402038119017634,0.00441668125996028,0.0368003192866578,-187.322807301191
547,0.000665665079183542,0.00418237922432611,0.0491704289112059,-187.787083861178
548,0.000472205837717582,0.00352141402544456,0.0263215448308603,-186.454779353161
549,0.000442550921495228,0.00478618923489187,0.0235379502277045,-188.203754521293
550,0.000397398071185233,0.00408673824806402,0.0781079616010611,-189.85982279584
551,0.000576482412481257,0.0034875933820793,0.0784934590350681,-189.679531562462
552,0.000536281902025198,0.0039485410516283,0.0108076677726791,-188.48634754964
553,0.000924505230946087,0.00350220692965908,0.0628308637769861,-189.45613159134
554,0.000493063071019774,0.0034820239620724,0.0650914247211995,-188.624736120382
555,0.000443552251524609,0.00334591732939163,0.0581908774876224,-188.253338845114
556,0.000418416072814897,0.00314748911870155,0.0157206090752789,-187.960181718645
557,0.000606401878023439,0.00321913061962498,0.03424402412538,-186.765832334805
558,0.000492455786952168,0.00370568369156443,0.0296615467878144,-186.350801835122
559,0.000556783149232496,0.00410527843554863,0.0585060364864396,-188.250713740138
560,0.000560058652783452,0.00355666008749414,0.0637248968109358,-188.500849192596
561,0.000458902093042809,0.00362573324304559,0.0620511398261865,-188.348814057159
562,0.00088277276467005,0.0047481317584474,0.0455764537164798,-189.049447692874
563,0.000311580526767844,0.00279594988048596,0.0681966158267418,-190.606172319827
564,0.000444017034947131,0.00407791303432601,0.0219127419658434,-187.07179449898
565,0.000676456585410748,0.0038463070713555,0.018705307938928,-187.268848030025
566,0.000401114975902042,0.00350531470547869,0.0440160268139517,-187.125886143081
567,0.00097615593594316,0.00369974210030185,0.029271222755105,-187.410449201857
568,0.00124132251907271,0.00376199912146708,0.0341336534579816,-188.766129077597
569,0.000736582175100037,0.00315097130844146,0.0408767410843661,-187.560585483494
570,0.000686585885934381,0.00461060365811136,0.0155865315293249,-188.667435015614
571,0.00132271070191794,0.00291992928463151,0.0331198073772228,-190.189230577856
572,0.000243005732821529,0.00428274909934647,0.0524498663920844,-188.841483859148
573,0.000616184132192397,0.0038249167270352,0.0197910672383566,-187.055014400846
574,0.00094533959433514,0.00365581013799675,0.0341021701733092,-187.419369955707
575,0.00101076839400983,0.0035980454584311,0.014906619875856,-188.668962715403
576,0.000517131745330797,0.00362832957902024,0.0504682901050185,-187.447563364546
577,0.000684953489560949,0.00384993707430033,0.0200647194443457,-187.136679803753
578,0.000291552808549041,0.00366993573472897,0.0271519413282412,-187.025056690503
579,0.000573608497557093,0.00399916430051848,0.0226659887975345,-186.860239840892
580,0.000648545325267626,0.004419401602231,0.0309096338614202,-187.177881946451
581,0.000920861469179466,0.0044162998883346,0.034041463565881,-187.949772659592
582,0.000105220155663593,0.00511871002292313,0.0164624831598262,-193.089480861374
583,0.00122249677190155,0.00285404522724221,0.0328510503604476,-189.816183299637
584,0.00127975232849613,0.0032039534980509,0.0285537969364624,-189.15485064203
585,0.000887954162546232,0.00489445867676753,0.0410022798195918,-189.111920075615
586,0.000270654729974061,0.00285766022138627,0.0216275067196836,-188.626974009611
587,0.000738770773206794,0.00296564725746752,0.0152293823128353,-188.528381754545
588,0.000812868854075378,0.00390190938227209,0.0481639157374495,-187.886504084172
589,0.000945192034481508,0.00405799094396406,0.0300240333818759,-187.489420549583
590,0.000892956416326075,0.00412704222368907,0.0338434311274677,-187.453171459296
591,0.00088838786000232,0.00357770799138271,0.0286967382207508,-187.087660729563
592,0.000522270760204999,0.00377927627304044,0.0330092578866265,-186.400374096379
593,0.000635398351271113,0.00394079447246575,0.0268355745268035,-186.60036131486
594,0.000500612982193655,0.00419563976324384,0.0362436765899567,-186.854461095366
595,0.00051055896998003,0.00320825179656846,0.0154296638742455,-187.768682184776
596,0.00155687437155665,0.0035295038543212,0.0359993243297951,-190.700154605816
597,0.000281606036144679,0.00383797102346182,0.0424531191073216,-187.494463611738
598,0.000253952215098624,0.00337155700032029,0.0299171553514564,-187.347555074427
599,0.000192886491389863,0.00342591111783252,0.0375694887676883,-188.145942944376
600,0.00107838567772334,0.00318968358401472,0.0399516982072364,-188.785288531525
601,0.000726568638016959,0.00320012293985287,0.0216726078832024,-187.243469953973
602,0.00100623844842051,0.00343672586951483,0.0213483790670224,-187.947641545315
603,0.00103426563838801,0.00357422721729,0.0309590601747646,-187.690694619757
604,0.00113147325378785,0.00306663845304871,0.0372681520134953,-189.090848844889
605,0.000550498666465161,0.00280518032562216,0.034389394754938,-187.621284933793
606,0.000670093379308875,0.0042353917556919,0.0226608338619823,-187.250921572567
607,0.000587473004952154,0.00338646307389655,0.0142437666267906,-187.724536027507
608,0.000545856170703824,0.00345861856904844,0.0290174756559223,-186.383372885982
609,0.000326984591994102,0.00389265058640062,0.0548038246231346,-188.151901114071
610,0.000861123100173733,0.00365734532284393,0.00867183545872195,-189.746773989202
611,0.000594085064566381,0.0038105846834331,0.0215264667019117,-186.843967996281
612,0.000874734447168159,0.00385166490680227,0.0294416372221644,-187.084769098747
613,0.000215200819303114,0.00373079264439632,0.0326417896047912,-187.623283026319
614,0.000243617411849993,0.00438135338238294,0.0270677750296714,-188.062919409276
615,0.000656099123424397,0.00293984627306598,0.0308440905393907,-187.257622755066
616,0.000386527670235701,0.00500045604037226,0.0513096925103297,-189.442317688015
617,0.000498987517249205,0.00466298475511828,0.0227216268190471,-187.925868858194
618,0.000604203795385349,0.00344230546585064,0.0204020520330136,-186.9721477747
619,0.00040114424111395,0.00359121746491045,0.0396727683609629,-186.806967372761
620,0.000216109647069682,0.00474711338167991,0.0255012003519022,-189.157107949385
621,0.000357723007296339,0.00295543118207317,0.0188623633940643,-188.176416193684
622,0.000981764948068869,0.00431752271414752,0.067354695488475,-190.308344184659
623,0.000497028437547355,0.00406418662811353,0.0325783430656813,-186.595819349331
624,0.000514971264275692,0.00350703391686273,0.0351633416883143,-186.482356963889
625,0.00049130975511564,0.00301052243973872,0.0243340128488376,-187.118944612713
626,0.000416467283792377,0.00372336455130635,0.0347986069636179,-186.532827653867
627,0.000586029922652268,0.00372536071704918,0.0378373483475674,-186.625617095909
628,0.000689610025468952,0.0040806165624452,0.0679860129815313,-189.158362133596
629,0.000334073755989858,0.00447164136922765,0.0241860051753661,-187.799162474062
630,0.000625101157616446,0.00340382146870485,0.0312434893639788,-186.502872960795
631,0.00048172009375514,0.00386007699866107,0.0338552125460397,-186.470624761274
632,0.000646723785635075,0.00351294419984143,0.0331619916161946,-186.527916200094
633,0.000589836961341914,0.00467223872199862,0.0259643382792774,-187.734498114184
634,0.00038682200549173,0.0037733382426698,0.0455022900008403,-187.221349058243
635,0.000247334135397989,0.00340409938623416,0.0536473604707394,-188.69898161438
636,0.000925731485226171,0.00332414465264386,0.0577373345324921,-189.258857519668
637,0.000588428225383632,0.00348800935417084,0.0532231833940947,-187.770770314148
638,0.00070733893156399,0.00404785577327581,0.0441968929625286,-187.398479014548
639,0.000681757194471979,0.00406615217519819,0.0445958562559854,-187.383684837268
640,0.000274176149935677,0.00381329819696677,0.050038949595624,-188.065815717431
641,0.000849069982995654,0.00300481307586603,0.0295096868998108,-187.609134327872
642,0.00031670774547628,0.00303882499839937,0.0363286157829591,-187.537255845761
643,0.000324803566639821,0.00328069072004288,0.0224522959280569,-187.348524939639
644,0.000447773937295401,0.00261458160856856,0.0313673759895186,-188.202502952097
645,0.000285613143973098,0.00291828622114361,0.0229954183600794,-188.190992164886
646,0.000892833531043277,0.00483999063158408,0.0364055635272132,-188.779246911504
647,0.00105948310079699,0.00357175290519638,0.026194197829609,-187.796336524431
648,0.00106756339805143,0.0037175792363093,0.0303876411648587,-187.807475500142
649,0.000670565654599531,0.00395329319279972,0.0268810366723589,-186.663061575991
650,0.00079677721350712,0.00416804469941795,0.0471316676163214,-187.958510452034
651,0.000617867008931676,0.00348417856702546,0.027303879265514,-186.457752511682
652,0.000508555153423891,0.00348686236875466,0.0502814522235861,-187.492430343526
653,0.000539730589657616,0.00427194020598925,0.0402812710509801,-187.155182633149
654,0.000572230292776595,0.00379221460552637,0.0327939066527307,-186.42152327957
655,0.000616706738618103,0.00414024736929918,0.0458961314216536,-187.426143388798
656,0.000703541391109381,0.00307206589825164,0.0291296226748267,-187.045911197394
657,0.000496244592011305,0.00339285290617113,0.0359164280031519,-186.58874251969
658,0.000553628550500542,0.00403305340356059,0.031627032369329,-186.553890557782
659,0.000566718183822488,0.00294557722065773,0.0654294615983012,-189.530958985916
660,0.000399643698910558,0.00458984734002398,0.0460991532190227,-188.141463857428
661,0.00105398691247394,0.00350525485861008,0.0163479541307577,-188.709315219759
662,0.000619272517983916,0.00341369450463844,0.0292189753569855,-186.469947467149
663,0.000670646421086859,0.00358710387123643,0.0261472325147272,-186.550111160561
664,0.00059093538769618,0.00326270581956832,0.0407156387988109,-187.066303011065
665,0.000465870606424736,0.00415430615406189,0.0235417458553261,-186.989297138098
666,9.9499995031794e-05,0.00373408104348881,0.0531984088087291,-190.997225941396
667,0.000482020231545085,0.00341551397062868,0.0253372926239273,-186.541951416405
668,0.0006704725698167,0.003477290176233,0.0338837584044153,-186.615982351825
669,0.000690572056283614,0.00358458850175979,0.0296251488669432,-186.524076664026
670,0.000586805954827348,0.0029379070475063,0.0329229360792754,-187.222181494225
671,0.000623355793915943,0.0032351943177728,0.0412722364009767,-187.191610909157
672,0.000778391620224616,0.00418256176900198,0.0222025078117373,-187.443857969763
673,0.000775646117727595,0.00577331520155633,0.0352610675262278,-191.181145338375
674,0.000765870416746306,0.00240462247769165,0.0406769561742661,-190.218692982867
675,0.000628049438905871,0.00493978220856029,0.0295722989841856,-188.300828073089
676,0.00063284161296847,0.00276872664387531,0.0247475596557298,-187.762977126529
677,0.000443444642287351,0.00354114512899663,0.0333426981932672,-186.450302804084
678,0.000673877822230826,0.00357155547369004,0.0355409970498327,-186.657996316286
679,0.000426737017851098,0.00388023202170731,0.0504926194326808,-187.534068324347
680,0.000350597358303037,0.00387014693141268,0.0153140860087536,-187.877848011441
681,0.00061081103442847,0.00432282000946937,0.0355991683785046,-187.067305328383
682,0.00072121963131912,0.00396700733161151,0.0352121891779928,-186.848310727524
683,0.000551118541535109,0.00479349941125655,0.0269626947110976,-187.949930080382
684,0.000666282349892551,0.00425129812452549,0.0296955396664581,-186.940107078394
685,0.000345723846541292,0.0034979846942552,0.0213848134697797,-187.193103626487
686,0.000255224050202046,0.00339383365564393,0.0427450125860859,-187.820863140622
687,0.000960877346376342,0.00324897437297443,0.0149189343328131,-188.747993953631
688,0.00117355179614221,0.00367042202298165,0.0104825802482789,-190.23906067036
689,0.000243154779558544,0.00391751386544463,0.0263289190004225,-187.545613131135
690,0.000278808987162575,0.00433571206670671,0.0350374561424458,-187.653986817546
691,0.00069718709678936,0.00433073768549182,0.0647811596896481,-189.205976094475
692,0.000295705994551965,0.00383874610071974,0.00920889162314719,-189.808429515488
693,0.00120817250405277,0.00352354333842462,0.0929798993247578,-193.076599821026
694,0.00124343020824505,0.00548791474537575,0.0664339997879053,-193.86484325319
695,0.000391552796318675,0.00268182059295541,0.0318783264392487,-188.071950550855
696,0.000446246262804987,0.00292069200740204,0.0313495775749745,-187.219115089391
697,0.000644873097262619,0.00433921998770127,0.0274414719101755,-187.085524326005
698,0.000579955721307853,0.00475957558181856,0.0305105662580795,-187.79989224395
699,0.000962108364856204,0.00514911818859023,0.0334383531142545,-189.710878656579
700,0.00115126651491294,0.00422104658501594,0.0223451282472302,-188.80806165198
701,0.000839334981901193,0.00427230970723757,0.0240046926271365,-187.590214680919
702,0.000623788951720472,0.00326954580770154,0.0404942534005622,-187.091669243279
703,0.000444449020086635,0.00503983005042796,0.0246241208068031,-188.782074499236
704,0.000533762139135811,0.00315118081972286,0.0323014074797629,-186.73201612528
705,0.000463273231190069,0.00328521228382843,0.0367709315388374,-186.755476655571
706,0.000851748550350588,0.00375455239300219,0.0304476920573088,-186.978300622922
707,0.000509981135821625,0.00383176433887671,0.0180063681868497,-187.21315006856
708,0.000755396533157021,0.00341950303026491,0.0370612650802082,-187.02231870536
709,0.000622426125876733,0.0058844753242534,0.0575499312874374,-192.524108771384
710,0.000272642107679048,0.00568710375013764,0.0225618232279114,-191.68597848895
711,0.000754836975909342,0.0030752012285806,0.0198570492053594,-187.713693377325
712,0.000599454279720032,0.00377539018564975,0.0195117582311307,-187.047774147453
713,0.000716909083494508,0.00389428568713452,0.0196747013260662,-187.268118270113
714,0.000328290023205118,0.0040789064977481,0.0482593703625192,-187.784934600061
715,0.000401961643923364,0.00409626699124456,0.0259647548170743,-186.873266969535
716,0.000668741638356039,0.00561619858908173,0.0555948620264862,-191.53367528025
717,0.000404462028781318,0.00315347661336542,0.0193439695315136,-187.549545200143
718,0.000231654140820697,0.00344189991961104,0.0244184747518314,-187.759699127912
719,0.000395246091239555,0.00418151267295115,0.0335219348363478,-186.889731058872
720,0.000853923569245944,0.00392926978667635,0.0303150076097218,-187.067204691888
721,0.000663513471952033,0.00402053339848174,0.0499636322159526,-187.691778255918
722,0.000717233815721189,0.00313032855689619,0.0334306821891881,-187.088719580282
723,0.000677958708742043,0.00303871334581715,0.0391658363067781,-187.506118510255
724,0.000322433276154096,0.0031682268858209,0.0338338655847484,-187.169221359217
725,0.000321776227516942,0.00295820674901921,0.0335026849455651,-187.570023332623
726,0.00059158029335415,0.00271377250769122,0.0214417911783157,-188.179325538842
727,0.000788898202864615,0.00443561865642479,0.0226717056174306,-187.82596347431
728,0.000850306712695421,0.00396755359380981,0.0285310590925386,-187.085533087578
729,0.000273020360566804,0.00294115110743399,0.0157843710485241,-189.130345191495
730,0.000348369896207285,0.00443504001252183,0.0415461384596995,-187.737070486236
731,0.000490521839689559,0.00431312147708441,0.0350133856293104,-186.978531954323
732,0.000533475454054538,0.00439362987063004,0.0167342714964982,-187.97851348136
733,0.000631885387681572,0.00385960180533735,0.0631734971924799,-188.541511314718
734,0.000440330298538729,0.00346165401405517,0.0131758807339199,-187.90740849258
735,0.000423517419166247,0.0037687847144479,0.041749717990241,-186.890520864651
736,0.000618747873574116,0.00386733168575028,0.0216804497854609,-186.883859218727
737,0.000501870024034255,0.00377307027632446,0.050706771014517,-187.460336764822
738,0.000379877977027012,0.00453876441000899,0.0176196947598867,-188.371583523732
739,0.000732014352337391,0.00474909670777733,0.0325556031963219,-188.014802095156
740,0.000280477559781166,0.00392023998598187,0.0513613091077232,-188.159247694328
741,0.00073164328652822,0.00438236575715472,0.0268409428058768,-187.336446151378
742,0.000512169591424633,0.00398268180744916,0.0464898633500682,-187.244640671927
743,0.000540014292626724,0.00418079869120203,0.068255875681469,-189.064997591806
744,0.000553165001472799,0.00390255998663995,0.0276120242514784,-186.473584332477
745,0.000483663678150278,0.00402324889401374,0.0509329508353088,-187.598721454775
746,0.000473910492017052,0.00359183102208342,0.0373682355276903,-186.57377046958
747,0.000390924293277467,0.00430926510672433,0.0320635197388041,-187.061317201519
748,0.000655238237369852,0.00372683604891142,0.0315172312491235,-186.481180579165
749,0.000250757481938264,0.00329521817713095,0.0312822997480647,-187.446342455893
750,0.00126054287432765,0.00516200369093965,0.0521695692264007,-192.006926387469
751,0.000537795611513275,0.00279208267815312,0.0629306119769828,-189.778640692162
752,0.000566699525259159,0.00516573659216901,0.0130268901823357,-190.451487313537
753,0.000337031190499893,0.00202932286477226,0.0160744294455538,-193.385863970997
754,0.000857999939338641,0.00273869538118004,0.0197030350851263,-188.873075011636
755,0.000406608724760806,0.003591825148112,0.0456673182185658,-187.195860998734
756,0.000732720044264972,0.00405854514927102,0.0555922040264518,-188.300322669354
757,0.000709720636887225,0.0036963461491404,0.0488304794189086,-187.599656544758
758,0.000739294773204049,0.00418976315081264,0.0305521059648053,-187.004607673295
759,0.00107694501284672,0.00334665645357658,0.0265716489153252,-187.993428326506
760,0.00112719205960528,0.00325308069881838,0.0326761884475402,-188.449751919731
761,0.00118034100311827,0.00290014051212953,0.0309468384540669,-189.360390515958
762,0.000677681070230282,0.00453005211944684,0.0338929820749581,-187.472955685584
763,0.000730675499698326,0.00410591056277897,0.0281344411652321,-186.900253167145
764,0.000632653586017562,0.00415973277315541,0.0161462125287612,-187.756968113504
765,0.000822495000817805,0.00330416648569045,0.0290098963705348,-187.036219230905
766,0.000585387079458207,0.00371581581690086,0.0387332205714391,-186.674268989699
767,0.000656526014530443,0.00352594884644129,0.041925296889436,-187.025751296017
768,0.000458411735476475,0.0041738624933225,0.0248090375068544,-186.931200379718
769,0.000430327515082764,0.00387659835052515,0.0368349864593562,-186.647716615623
770,0.000492100851070775,0.00362165069216773,0.0227712829468878,-186.669381739591
771,0.000846729341277411,0.00323015620107136,0.0369765931870412,-187.52480855688
772,0.000150020540548781,0.00374459998613821,0.0368392686605134,-188.691865316248
773,0.00126215597011676,0.00373475894092791,0.0441685822961776,-189.538728536582
774,0.00154895510816349,0.00276854756570617,0.0245515714027858,-191.719833714663
775,0.000946499513481606,0.00329045555762158,0.0395878179865949,-188.006756398779
776,0.000802234813352783,0.00320188124361627,0.031986851254003,-187.161617353282
777,0.000369208762765829,0.00399390968482452,0.045473277070704,-187.371377827779
778,0.000325934440866442,0.00360319141596646,0.0447133134943897,-187.388477647848
779,0.000572640431918568,0.00391051436015824,0.0496699717666886,-187.463972093671
780,0.000563784443405267,0.00396750806413385,0.0413216566252768,-186.912623954659
781,0.000456564957338982,0.00299769356765734,0.0432501324437758,-187.680852764172
782,0.000533720118322799,0.00453045644994458,0.0268952588860981,-187.369241737038
783,0.000702958715110751,0.00330000282084487,0.0248508603904612,-186.824598283471
784,0.000381264130949838,0.003964192663131,0.0403508897626458,-186.990667243473
785,0.000575339985787152,0.00296696848693446,0.0468098830217533,-188.05664063689
786,0.000409664897406765,0.00356400034739341,0.0198143978570263,-187.119896915142
787,0.00071292683922598,0.002852130709784,0.0352899603167431,-187.816021932849
788,0.000630337629901906,0.0043857297378895,0.0325247001663603,-187.109584668951
789,0.000839746243324628,0.00444449418543984,0.027915904759705,-187.691579728515
790,0.000779860787573833,0.00429993913251316,0.0322636994827894,-187.280150165427
791,0.000628450841713322,0.00431444527151558,0.0275671178056007,-187.019677500226
792,0.000856708102460612,0.0050729846396523,0.0219534225889154,-189.540660399458
793,0.00143354152201035,0.00313777330152338,0.047385618737331,-191.434198506285
794,0.00125847119862098,0.00397999773468702,0.0174404872051134,-189.573284582512
795,0.000254006518671859,0.00329303253501602,0.0159388977369472,-188.601724766295
796,0.00124333759295907,0.003816076099511,0.0417986663984709,-189.263329392239
797,0.000832942259313169,0.00491956649959917,0.0587907749389456,-190.205440798932
798,0.000306637166113395,0.00298497282172316,0.0329176446216082,-187.574816620181
799,0.000601488335216975,0.00280465486192987,0.0287020244890179,-187.512567204328
800,0.000939979021897001,0.00343424165292023,0.0257293401453306,-187.386638634745
801,0.000772055472988615,0.00326623693793778,0.0321625679864223,-186.989353193602
802,0.000741363618752243,0.00452242948610867,0.0374313304952178,-187.723464094623
803,0.000458112082213379,0.00344267329900763,0.0107896895395074,-188.456922051615
804,0.000370427308988509,0.00318080619303735,0.00722832397458323,-190.718306246704
805,0.000285133406194676,0.00445953246531142,0.0756036922797336,-190.5690250744
806,0.00060806229868132,0.00367230579897741,0.040033153105139,-186.779896540339
807,0.0009420575934798,0.00349636188751541,0.0170976308844669,-188.177674948468
808,0.000584849760450364,0.00337886026518745,0.0572221485264678,-188.160590576958
809,0.00053630552618864,0.00375035227659158,0.0341407679132903,-186.427784391245
810,0.00047862211699905,0.00381219391011751,0.0352387959595541,-186.496696037315
811,0.00072403558607985,0.00436304359927484,0.0239481906539888,-187.447747772958
812,0.000709806052885725,0.00501813641915059,0.0219568242663381,-189.039487568641
813,0.00105739434072899,0.00305207204935638,0.027451753147083,-188.326246332771
814,0.00105459367522234,0.00477837377981392,0.0265617161513123,-189.159822331918
815,0.000339520833451404,0.0038434130965868,0.0258664276516901,-186.87973028871
816,0.000731797292581666,0.00385383334688855,0.0305469542457521,-186.675769396506
817,0.000827425411952558,0.00356269507892559,0.0285946308212712,-186.888590180601
818,0.000280908816592553,0.00319681513526014,0.0498335474191497,-188.40301693042
819,0.000680512795878562,0.00480851680880979,0.0262078163175143,-188.15049857765
820,0.000625127428545723,0.00461831885523516,0.0326925958243915,-187.54256783225
821,0.000362503403856737,0.00346513251163003,0.0300260305865026,-186.63718219217
822,0.000594097355949185,0.00315407402050949,0.0300975977614432,-186.725942640467
823,0.000775084469258933,0.0033528075508059,0.0399393074636256,-187.326933363314
824,0.00049046152240077,0.00402600371711362,0.0260588715182752,-186.652660886579
825,0.000471193084554184,0.00303464906935092,0.0391909999981217,-187.302124833703
826,0.000324988710766917,0.00357890448308997,0.0446046131395051,-187.392725278158
827,0.00102243916493913,0.00421197568624201,0.0323152671155966,-187.995175025389
828,0.00113333449984394,0.00427828525740848,0.0370276846386008,-188.744932315283
829,0.00123661266022203,0.0042536520626304,0.0409276167914025,-189.437532452588
830,0.000570626225548186,0.00319916072529968,0.040950439256242,-187.148807548144
831,0.000396083168540555,0.00323682818717307,0.105158953445902,-192.120045744507
832,0.000632155290260311,0.00376625170953575,0.100817088746237,-191.424948094006
833,0.00083594069886535,0.00331051895626841,0.0372093448673429,-187.395276553058
834,0.000441857160281981,0.00330639181314076,0.0213946765213831,-187.021237127281
835,0.000457877815670666,0.00361713539404549,0.0327516974318086,-186.402699887591
836,0.000633644994946681,0.00361573384803117,0.0172052724257745,-187.317635975939
837,0.00089189361929023,0.00395126471794697,0.0449387522869578,-187.950921286308
838,0.000329319236603418,0.00513224756536612,0.0446415291982093,-189.573086519477
839,0.000661549156344983,0.00329944611469661,0.045791293395664,-187.511608601356
840,0.000543586547449075,0.00401174412053813,0.0439575631643715,-187.102300642614
841,0.000647724039563825,0.00418594328463612,0.0278059180145332,-186.851060329306
842,0.000389985351190742,0.00331720936540007,0.0192985481991166,-187.387586295695
843,0.000431175797357373,0.00436622987800082,0.025286921681797,-187.234996197296
844,0.000550773324517299,0.00383205708764205,0.0306856590311775,-186.394107006447
845,0.000620485631854332,0.00395134060779955,0.0342423067323563,-186.607276764974
846,0.000362385457294418,0.003542905156861,0.0220305804005618,-187.038959501944
847,0.000462863240280639,0.00336565431703863,0.00976773379587544,-188.865626582781
848,0.000444322369131598,0.00445230562520017,0.078545799870328,-190.267463576837
849,0.000203175039086902,0.00334245155803266,0.0511364613159848,-189.034936158017
850,0.000942899404439773,0.0047231906968228,0.0167754102434532,-189.451623902943
851,0.000292410036286784,0.00262066402718633,0.0269960811921757,-188.799172986715
852,0.000802547920147032,0.00512134795289098,0.0324340168355961,-189.12810061489
853,0.000967553962066602,0.00517987952802689,0.0342976566877886,-189.834665298918
854,0.000545439684346672,0.00313507272860103,0.0363393487357311,-186.938889812874
855,0.000659977528407834,0.00382978174538956,0.0365149218992564,-186.696874150554
856,0.00115686566085362,0.00346448345495682,0.050730162419955,-189.644491013546
857,0.000149917939964932,0.00329964709487482,0.0535499767671384,-190.121898960118
858,0.00109920613845568,0.00400303584848629,0.0391715356016341,-188.453188923503
859,0.000372301626946928,0.00429971265313118,0.0493854495731492,-187.954024178279
860,0.000408802515104057,0.00319743867315066,0.0428042536193871,-187.336252474375
861,0.000960149373802237,0.00430422893793083,0.0253542814562851,-187.951806155632
862,0.000940224813770059,0.00364456593099046,0.023760960503069,-187.433782797364
863,0.000335501961008539,0.00384451539425712,0.0418018578373245,-187.169180384942
864,0.000384826242641806,0.00387472332178486,0.0658633509407193,-188.792706307001
865,0.000434890762240695,0.00304894040813507,0.0538440442476117,-188.408024033788
866,0.000651220030452201,0.00453099022984154,0.0341602612089385,-187.436254727518
867,0.000653193370965959,0.0032539769062986,0.02368205435989,-186.860560691698
868,0.00066904629324468,0.00334889921790489,0.0297583519225891,-186.601199982573
869,0.000954384809571859,0.00407137054579895,0.0178856653307143,-188.305114274262
870,0.000326689270100538,0.00406839533786102,0.0436664341059081,-187.472183381443
871,0.000803546548852612,0.00435487189551245,0.0598376947434645,-189.14498500966
872,0.000620677601198649,0.00357236624645214,0.0643099146425948,-188.61358591742
873,0.000400685216866244,0.00404330653186852,0.0304047434220898,-186.691165796981
874,0.000198504258001237,0.00384283416393959,0.0282083240425798,-187.911649521015
875,0.000698228551522695,0.00354511738873605,0.0211176934626836,-186.987963878374
876,0.000487741244264019,0.00305956691636229,0.0375953554045912,-187.142302332237
877,0.000539659804338516,0.00409296807194507,0.0250807121936883,-186.76642288795
878,0.000427287246998528,0.00389297755136879,0.0251268682691107,-186.674922272923
879,0.00052387207338121,0.00267540263211248,0.0212240609596364,-188.328029690676
880,0.000377730994783287,0.00422647309492529,0.0166628197250687,-187.960347513733
881,0.000494044198314259,0.00323373857260216,0.0365364742077561,-186.789966660681
882,0.000293094231470012,0.00395986916610496,0.0295682259289385,-187.076646946426
883,0.000946325969833208,0.00492824767461983,0.0422345541144379,-189.463260843159
884,0.000542079620548482,0.00472290452972189,0.0133618340592135,-189.156337019253
885,0.00134952220059176,0.00399144851275228,0.0178254049170022,-189.986064499071
886,0.000910574947916911,0.00391860803847842,0.0438033818492209,-187.924121976526
887,0.000658318213689351,0.00357782409029529,0.0269927990062946,-186.500029340396
888,0.000499698055904937,0.00305577327638595,0.0211758401293983,-187.323980673377
889,0.000710660478393319,0.00314680478228796,0.0299058766056374,-186.940232481919
890,0.000462894304390656,0.00332929224306985,0.0398732723815462,-186.891052998082
891,0.000607822598139915,0.00425984790302927,0.0598636838268084,-188.575049394181
892,0.000628817358246492,0.0040452550859504,0.0571736284262028,-188.1858711848
893,0.000843422229513233,0.00392764256766148,0.0445553290971604,-187.739378186883
894,0.000995167617458599,0.00353504742528284,0.0541531548307331,-189.077893106429
895,0.000623849614277344,0.00369627807145689,0.0272494135569635,-186.44641383616
896,0.000490529821178898,0.00313172291957658,0.0161835315720594,-187.816160259553
897,0.000543216930691252,0.00298835470508457,0.0123370315991447,-188.648094690829
898,0.000703312338456816,0.00340568006444697,0.0425644089313499,-187.258496856968
899,0.000395989644835175,0.00368246405891439,0.0508502248548586,-187.584898525249
900,0.000484494438864782,0.00280977298327213,0.0525489643453686,-188.906557460305
901,0.000396984769394042,0.00377757902975304,0.0328053987450051,-186.535611935996
902,0.000611109555298896,0.0038460006401953,0.0312806935229284,-186.457053335152
903,0.000664670042064975,0.00409318973453751,0.0211498978958737,-187.199852891375
904,0.000415931070182376,0.00439067629290649,0.0193675501666927,-187.817807507465
905,0.000694365597857058,0.00450812538382153,0.0512269107582767,-188.453269702273
906,0.000534245345458217,0.00275991966443102,0.0484478985333793,-188.759416317403
907,0.000481907876877354,0.00298781739429556,0.024880518844993,-187.138231797744
908,0.000698953154784813,0.00387670737198307,0.062195703028975,-188.609957132996
909,0.000635127463103787,0.00381107084680705,0.0419113702614652,-186.96187695499
910,0.000834069130988068,0.00365236976573588,0.0291761609020497,-186.898614451454
911,0.000245288645749546,0.00464846703670414,0.0290324429244796,-188.493198498765
912,0.000689796977223106,0.0034997684239804,0.0190693867552007,-187.21996235662
913,0.000565262908627325,0.00426637886313903,0.0310643383128608,-186.842228511272
914,0.000528916183519239,0.00449146923744719,0.037209123713191,-187.353277283516
915,0.000327978537391535,0.00402967064612449,0.0631915689970774,-188.870030579628
916,0.000857866775740755,0.00526598341386084,0.0403872872076133,-189.95859494856
917,0.000569049469135431,0.00270011892046607,0.0256993512549955,-187.881006977465
918,0.000641620093094507,0.00426263893664133,0.0284040675502366,-186.935855371102
919,0.000814190932098909,0.00430757691159213,0.0294744357455186,-187.367824132146
920,0.000749177820126726,0.00467976520137759,0.021926944600036,-188.287453577044
921,0.000606769069430063,0.00306428234007644,0.0144716684401557,-188.172690344807
922,0.000435943372382485,0.00445017308722583,0.0138992424992366,-188.570110374471
923,0.000348731024770036,0.00431516422327954,0.0411482061079068,-187.524989417147
924,0.000829909336291436,0.00375791349693124,0.03081603450998,-186.914058883521
925,0.000301202941287968,0.00343276161750051,0.0280815988778964,-186.988039986915
926,0.000984429344185233,0.00296484305061669,0.0350485087508163,-188.480182895821
927,0.000902014795830134,0.00360587003802906,0.0284775810491521,-187.13181302868
928,0.000589399258968632,0.0032313605748563,0.053480814506149,-188.065129054661
929,0.000654711763738449,0.00384547923356396,0.0476992020588624,-187.413927712765
930,0.000436110298098534,0.00341317997632699,0.0343014511671248,-186.556445405058
931,0.000927242723036174,0.0048198731331003,0.0266166243071706,-188.794038596545
932,0.000863916803410954,0.00272450483441106,0.0251477676447072,-188.465341062512
933,0.000615986782438183,0.0034390035323151,0.0444433796106546,-187.185848354992
934,0.000705762888664531,0.00461852840796595,0.0636928790952438,-189.605670859534
935,0.000785106235868234,0.00480951413269044,0.00938151819185144,-190.905723928386
936,0.000440992119348297,0.00348269937697972,0.0806505979854936,-189.865171877262
937,0.000903623640267497,0.00389608725462071,0.0197319027347387,-187.778357897542
938,0.000565425063015497,0.00435381670345019,0.0505792544240636,-187.963246756094
939,0.000670445704704438,0.00420825476016969,0.0243717292422806,-187.0796497083
940,0.00139644420809432,0.0047685294134474,0.0352007388562811,-190.736230117067
941,0.000317315592576587,0.00284390668452545,0.0299704769859088,-187.830598367576
942,0.000321802181934968,0.00456982307676534,0.0406525810259893,-188.045716358208
943,0.000623286571215503,0.00335898256359583,0.0205273382659709,-187.031649641059
944,0.000877953576383683,0.00479563217254884,0.0508008787918039,-189.491891416513
945,0.00043159052243657,0.00300584999170071,0.0656720692651059,-189.414334600751
946,0.000528250665168262,0.00343490465773784,0.0412305728088775,-186.87374564021
947,0.000695316110431778,0.00366898309687398,0.0249433647164643,-186.657357170935
948,0.000404592268240521,0.00294583389390184,0.0395292415778217,-187.619336603879
949,0.000815945988493569,0.00619880360505486,0.0328568662095088,-192.83370687744
950,0.000751670245444816,0.0061359309675764,0.0380059292832357,-192.554490986408
951,0.000734816559930661,0.00286230507076904,0.0335493045161962,-187.750861863671
952,0.000657009114766376,0.00313324349284754,0.0251762110240947,-186.933456579203
953,0.000554770095175108,0.00387536973538234,0.0487935816805922,-187.367927763785
954,0.000865395214131463,0.00353929203476797,0.0322638290009484,-187.077929614163
955,0.000359817440027087,0.00388969748181886,0.0267723709153987,-186.776900127199
956,0.000496625134601241,0.00419815953988303,0.024930160621996,-186.920215075893
957,0.000569232524985569,0.00356322712690842,0.0428055470323898,-186.939109219167
958,0.000780623178638854,0.00350087601960053,0.0162424989312899,-187.756721772086
959,0.00130334009391372,0.00331624597133209,0.0223463743410648,-189.318579787567
960,0.00123499245037583,0.00499464771296041,0.0175720011288026,-191.16840782894
961,0.000251426276331179,0.00271923083161058,0.0152910941297671,-190.100496752512
962,0.00108039723322943,0.00332015813677624,0.0199366434320453,-188.504748001432
963,0.00103872476864468,0.00411002975854212,0.0432549421061767,-188.534594236203
964,0.000867797317392023,0.0035028979942088,0.0126005201974854,-188.521484123369
965,0.000378703306375655,0.00328039663727684,0.0366366528467021,-186.911539974675
966,0.000687844297637002,0.00414891262474262,0.0204253868004542,-187.378710988609
967,0.000954239162973274,0.00352215455436551,0.0300485467788869,-187.360265718645
968,0.000385901721121699,0.00364204443989164,0.0277226980659649,-186.559592056963
969,0.00089783617071032,0.00336089964044003,0.0376502453944075,-187.595537949932
970,0.000445480216815363,0.00410132171201108,0.0157128203411941,-187.748487006952
971,0.000218531094223392,0.00296371084237003,0.0276050274012288,-188.403606759799
972,0.00022646704965486,0.00381209972359794,0.0324621344429111,-187.522206384246
973,0.000904819929641346,0.00436672545679343,0.0440981472312917,-188.354546106744
974,0.000194622789650221,0.00330168572708863,0.0233119534234831,-188.438367890503
975,0.00114070576446693,0.00371233220505197,0.0367909414799444,-188.416202108749
976,0.000488584384528538,0.00335440365229212,0.0172588712194598,-187.39729648726
977,0.000595652991020853,0.0033571857263965,0.0451855938262799,-187.283414873786
978,0.000610781461002526,0.00392976114238098,0.0359691960079984,-186.646536971926
979,0.000717957920362824,0.00396158296638054,0.0400221985278471,-187.088505110198
980,0.00050215247804454,0.0045144393271357,0.0272000144138654,-187.331822044859
981,0.000369935822547102,0.00470121800201137,0.0242230633155857,-188.1306908601
982,0.00021051910051131,0.00496672456425901,0.0705272012739151,-191.80376270137
983,0.000218492232664898,0.00300408027549602,0.050521120181196,-189.404151941423
984,0.000377233121396644,0.00304440175807294,0.0320815548266561,-187.113292006588
985,0.00042017252072563,0.0047969343008512,0.0391027718809561,-188.153535043727
986,0.000496287540725246,0.00311749061886786,0.0307088456596961,-186.754693915941
987,0.000874847356767471,0.00326757689478128,0.0325014889954112,-187.339203368208
988,0.00046723364667934,0.00463421374289439,0.0249797862781203,-187.721275563626
989,0.000501202186948647,0.00378095498946726,0.0286927030636844,-186.380779115255
990,0.000385418460937966,0.00424230684908136,0.0496080378805467,-187.85956565982
991,0.000543282816869971,0.0033045248956596,0.0317105281273753,-186.520217461864
992,0.000546531261688562,0.00243540048802711,0.0350410876902503,-189.153358214765
993,0.000639291740274312,0.00490710335096696,0.0336640522502196,-188.243424501028
994,0.00150922217965705,0.00311111265746373,0.0173616795219406,-191.335867471556
995,0.000591085524364045,0.00373541599428084,0.0292758765986687,-186.383812468079
996,0.000535378938958773,0.00481403739350385,0.0305893010262275,-187.911440656449
997,0.000487975021965739,0.0030978207924331,0.039602640977855,-187.195451987187
998,0.000374784120845949,0.00366319248934608,0.0301929224315883,-186.553139987654
999,0.000781640317682398,0.00472882881820508,0.0402199704344728,-188.376642304084
1000,0.000629368334661497,0.0047337425698017,0.0285983950879454,-187.814502227581
