"","i","asc1","desc1","p"
"1",1,4.3575699267525,2.39322174185939,-573.39596594962
"2",2,4.22254530184123,3.01983321707454,-490.17835551015
"3",3,4.09716176636242,3.0515353864386,-484.028466766405
"4",4,3.79048689167356,2.8783385476806,-481.16517302682
"5",5,3.7862292579489,2.84182087457841,-482.127019731999
"6",6,3.77288072392244,3.13389053306345,-482.979862544859
"7",7,3.90676083481696,3.18866706990832,-481.68194799966
"8",8,3.95370730119222,3.16371802917109,-480.697560521768
"9",9,3.90700398506115,3.02237328618826,-480.567985811585
"10",10,3.95847684826402,3.14571006949828,-480.52235948391
"11",11,4.05183152271273,3.30448265315761,-482.180897307216
"12",12,4.29756921403725,3.44725144372457,-482.097531174604
"13",13,4.38262400199256,3.43766044539406,-482.022902217122
"14",14,4.3962647372041,3.4724665468844,-482.07827070596
"15",15,4.39116592567462,3.3434760821273,-483.162460047204
"16",16,4.1273240545067,3.22680070857648,-481.111412255892
"17",17,3.97364861698926,3.04943890047174,-481.17193530058
"18",18,3.76021500716077,2.81273347789332,-482.363680044713
"19",19,3.3972906848538,2.74479421785295,-478.987328997223
"20",20,3.43162049479374,2.78613426445609,-479.424498925871
"21",21,3.40748300046605,2.62522772198667,-478.879245904554
"22",22,3.27516568826726,2.51652096810512,-478.515661734016
"23",23,3.07549164187255,2.2875347363538,-480.465456847589
"24",24,2.98302572560916,2.33582213755278,-476.757756843404
"25",25,2.99366008927461,2.35675494955119,-476.747355372216
"26",26,2.88212669019511,2.1886926254408,-477.785914595886
"27",27,2.77747131559164,2.24614068828032,-476.555318550631
"28",28,2.87092093920193,2.27787493123782,-476.296577693607
"29",29,2.84998236088665,2.17620371764183,-477.274862912513
"30",30,2.62015295980624,1.93990989395532,-479.303267068963
"31",31,2.6105387616089,2.1554122571352,-477.496658032923
"32",32,2.60678206111485,2.14144319072308,-476.986422424072
"33",33,2.7826144072777,2.1251821033779,-477.004177905356
"34",34,2.8422248769489,2.33259204759351,-477.890538813789
"35",35,2.86592288095686,2.31805483764859,-476.925804030381
"36",36,2.91324660783492,2.30192626389382,-476.431249459047
"37",37,2.80294276127513,2.1751963814285,-476.28147961941
"38",38,2.70179396276019,2.16920074058644,-475.911045564788
"39",39,2.8067025871386,2.32289134432979,-478.589464363836
"40",40,2.9650116294256,2.29305857320151,-477.036735180517
"41",41,2.98326885398918,2.41531537133114,-477.457323298385
"42",42,2.99565804338503,2.32247002476029,-477.060563065493
"43",43,2.93878185145677,2.27669691440937,-476.868725377296
"44",44,2.83856985306179,2.21778688268101,-476.234695362246
"45",45,2.86980284935105,2.31067107617587,-476.712276371977
"46",46,2.90917155947688,2.27249340077534,-476.514130787798
"47",47,2.94188815185151,2.34203135645707,-476.632427064176
"48",48,2.95367579421646,2.33135706644199,-476.587526694066
"49",49,2.9343853185991,2.2857732375214,-476.67768567904
"50",50,2.88592759332223,2.25260459047573,-476.44016051742
"51",51,2.82832540870321,2.21707970911621,-476.138149807138
"52",52,2.98065272157638,2.37973018925824,-476.85333692413
"53",53,3.02657784608031,2.31875487645673,-477.73940275899
"54",54,2.87283227585968,2.23907056720085,-476.424430300989
"55",55,2.8590469512099,2.32334833763926,-477.184443112237
"56",56,2.87978575102722,2.19227184275827,-477.597048708066
"57",57,2.70963189281413,2.16902243356963,-475.840441249754
"58",58,2.63553341036882,2.15500560663752,-476.709242717925
"59",59,2.56125505092325,2.13243462369874,-478.2354198651
"60",60,2.5984254112868,2.05337506032602,-475.176634322456
"61",61,2.57892453284446,1.99442942232111,-475.53690386906
"62",62,2.45244859789322,2.00279962810002,-475.831060537932
"63",63,2.5427778064672,1.95099310321413,-475.789893803279
"64",64,2.3704357217391,1.85404383108632,-474.345756620103
"65",65,2.36788329765356,1.89365857335124,-474.400169698372
"66",66,2.36713748295255,1.88291850506912,-474.284089483904
"67",67,2.33312890736854,1.84288371626936,-474.090141186845
"68",68,2.30237680396847,1.85092488416887,-474.292358393169
"69",69,2.29408248294749,1.80050441886543,-473.972966060549
"70",70,2.15253791253557,1.61271311234174,-476.161347426397
"71",71,2.07389056957865,1.584705523314,-474.162775268141
"72",72,2.01771425840292,1.58722361136674,-472.774361958892
"73",73,1.9919577628217,1.61729078191525,-473.392575255939
"74",74,2.08043962353052,1.62776066627073,-473.130993163904
"75",75,2.05717898041525,1.64009210191102,-472.994237522633
"76",76,2.08818636189843,1.73338726260236,-475.730735155598
"77",77,2.22120811525489,1.68486393966829,-475.305755941803
"78",78,2.15323963848144,1.74321085498572,-473.962379880637
"79",79,2.28187869952578,1.79117290699433,-473.920508028906
"80",80,2.29259871976331,1.87986548855797,-475.457557396531
"81",81,2.33111335117658,1.83737408672579,-474.086965324799
"82",82,2.37022968619547,1.90157176018351,-474.507095038422
"83",83,2.40196646483965,1.82874664030314,-475.741168264527
"84",84,2.31812781059532,1.87475637421758,-474.6296316521
"85",85,2.27190312847436,1.91946313999294,-479.006807733019
"86",86,2.28492312626318,1.94071544968081,-479.956364341809
"87",87,2.49380677262264,1.94637898111964,-474.893002285032
"88",88,2.48664238488347,1.95093145745338,-474.765689705222
"89",89,2.4452104009299,2.00860401040231,-476.284981024038
"90",90,2.52326676044251,2.02166382393417,-475.103953182376
"91",91,2.53682823360975,1.9199282656644,-476.734278967866
"92",92,2.51505960595123,2.03805584699509,-475.578801805209
"93",93,2.55957736963367,2.03661310526215,-475.084284592884
"94",94,2.6400337666624,2.14681422930517,-476.322384471983
"95",95,2.83354771236553,2.19921772246236,-476.396221680393
"96",96,2.82599191628413,2.23914975839529,-476.103367497992
"97",97,2.81611830586436,2.15497609651666,-477.00828525869
"98",98,2.76269519742971,2.18473175828933,-475.838033271296
"99",99,2.71881306256623,2.1887057228328,-476.08986158525
"100",100,2.81590605560389,2.2024499464081,-476.125045749969
"101",101,2.77786884813802,2.21949374502112,-476.0622614555
"102",102,2.92556035069376,2.21945290219932,-478.027069251322
"103",103,2.82627420013939,2.23851675975121,-476.101166564237
"104",104,2.88308396314879,2.23177545023891,-476.684318858071
"105",105,2.87333814426292,2.29198169177412,-476.403066839317
"106",106,2.87197039583849,2.28152642442721,-476.317630368025
"107",107,2.85063248093787,2.32618425702342,-477.448623256734
"108",108,3.16053842866775,2.46518834287163,-477.516200404578
"109",109,3.15633176791591,2.49489717020808,-477.383485986747
"110",110,3.10426611884758,2.45162143669434,-477.177300776123
"111",111,3.07276117025732,2.41296508369425,-477.071168424913
"112",112,2.9196110464426,2.25352484064527,-476.946051367865
"113",113,2.86272126053643,2.37438661330629,-479.073535604721
"114",114,2.95589969797655,2.32775597310219,-476.598617450816
"115",115,2.92833460005907,2.29761717877935,-476.518020528015
"116",116,2.91740864110982,2.3100837389504,-476.459971849191
"117",117,2.93813844010365,2.31118525585838,-476.534369562787
"118",118,2.85981268459326,2.32854113965786,-477.32332930035
"119",119,2.86538292863769,2.22335137349089,-476.528531288079
"120",120,2.73785917130636,2.16614050013607,-475.741348314958
"121",121,2.76624688909922,2.24113050826264,-476.61264962394
"122",122,2.82013347991409,2.17662185833858,-476.565348212663
"123",123,2.73645359368893,2.22892609243704,-476.839934401205
"124",124,2.72079200478891,2.21092523160213,-476.612105145147
"125",125,2.90859143469091,2.27701939158577,-476.471698299367
"126",126,3.03210472616967,2.36727747355061,-477.001442651006
"127",127,2.93261158696409,2.25354542287121,-477.213020030407
"128",128,2.92913054710656,2.26880289399063,-476.838451792057
"129",129,2.93825288720294,2.23622463806922,-477.836565787573
"130",130,2.89146084426936,2.26502188235865,-476.395177257907
"131",131,2.78639282741536,2.2504828271817,-476.52373967756
"132",132,2.84406812550525,2.23252735157259,-476.182952312785
"133",133,2.84266818717551,2.2522931991614,-476.169356270246
"134",134,2.91860007462643,2.244205733023,-477.125928246079
"135",135,2.8292045705034,2.1911573528859,-476.456687168836
"136",136,2.73853166024466,2.18913947547746,-475.916916609742
"137",137,2.73729355071309,2.20243837097036,-476.142882674447
"138",138,2.76279833794706,2.21794887866005,-476.155682268591
"139",139,2.81430673269568,2.27247663149872,-476.625187981832
"140",140,2.91739588202286,2.31521563297085,-476.483357878144
"141",141,2.89777880007955,2.37879517302795,-478.14477191233
"142",142,3.07370673765369,2.39990786039146,-477.160516538581
"143",143,2.96022175956736,2.26022448806666,-477.698809811059
"144",144,2.86611538841315,2.22810318982971,-476.47026823226
"145",145,2.88442885572348,2.23842030025545,-476.597826704683
"146",146,2.82859670823942,2.18972597252025,-476.471324595764
"147",147,2.75838186458101,2.1369390799176,-476.170219421924
"148",148,2.70797109141515,2.06248575801234,-476.905642457594
"149",149,2.50120419226678,1.9283370683199,-475.370590520161
"150",150,2.34863439820887,1.90602702148539,-474.956145848316
"151",151,2.50126157540983,1.91025674443308,-475.915570172962
"152",152,2.26065358362,1.73855078532099,-474.535582053626
"153",153,2.15755896468962,1.66557014221736,-473.919876696146
"154",154,2.06096567713377,1.66651493497191,-473.487689396627
"155",155,2.10013549905904,1.66585126210595,-473.117569839668
"156",156,2.12621654351105,1.64544139571726,-473.677615008299
"157",157,2.12647354854664,1.71126080133123,-473.567122892771
"158",158,2.10412685811957,1.61254124509744,-474.097843673124
"159",159,2.06380120126535,1.60243410990868,-473.283486709427
"160",160,1.98810729813614,1.5865955346953,-472.706085995506
"161",161,2.00042521806108,1.6132790748014,-473.090297475952
"162",162,2.07709931986225,1.69364902369517,-474.056997899359
"163",163,2.18396541736479,1.75111307974083,-473.689671416796
"164",164,2.23353651324548,1.79446286213994,-473.972769302873
"165",165,2.2350211706167,1.75804902464817,-473.701200675568
"166",166,2.28339168954051,1.83562551749368,-474.210140474319
"167",167,2.31353155856348,1.87487034403493,-474.720964269799
"168",168,2.38862479604297,1.82358073306114,-475.495715180628
"169",169,2.30207276177943,1.83599662066096,-474.057445628386
"170",170,2.30530260196472,1.82944202362116,-473.996063365697
"171",171,2.41188608591485,1.94161256659138,-474.813381565932
"172",172,2.47557014158787,1.99305163142129,-475.085412799556
"173",173,2.54048282217075,1.98241547094033,-475.084900126311
"174",174,2.54885054285624,2.00474194573268,-474.990124335586
"175",175,2.55165543184127,2.01346228997802,-474.986681265989
"176",176,2.56258157872384,1.94630322492679,-476.550752321525
"177",177,2.58268805415324,1.99181270906305,-475.676216504088
"178",178,2.46706390589736,1.92756639621543,-474.760557355217
"179",179,2.47692238118465,2.02776406743386,-476.130611114336
"180",180,2.69766528393674,2.2245653741052,-477.74105294135
"181",181,2.91847624382815,2.27605368243817,-476.586530357141
"182",182,2.93746965380014,2.34571365019957,-476.686860547789
"183",183,2.92959330070564,2.33338933456467,-476.593706658635
"184",184,2.90851009800922,2.2827955820744,-476.437013442892
"185",185,2.89378475490766,2.22365962015911,-477.065687817879
"186",186,2.84183808336762,2.1912110714407,-476.694577398065
"187",187,2.75188171302751,2.16187462876837,-475.811456679959
"188",188,2.82508355103708,2.25709387987628,-476.250828888336
"189",189,2.8167560843918,2.22553427450251,-476.049671971218
"190",190,2.8151426340759,2.18674656590953,-476.297118832565
"191",191,2.84482410781726,2.17987705416115,-477.036925185695
"192",192,2.66636464342943,2.10285454454855,-475.449279608021
"193",193,2.65862900551227,2.06489410593795,-475.689078278013
"194",194,2.57776705139061,2.03390915907068,-475.092363256116
"195",195,2.59478433112842,2.04041302967622,-475.176798501998
"196",196,2.60008770988427,2.1146660543868,-476.165409677931
"197",197,2.71860656590276,2.09323987376944,-476.286433275066
"198",198,2.70441076742537,2.12844313411154,-475.609041779198
"199",199,2.74054733236798,2.17317328652362,-475.770070843076
"200",200,2.70908333387237,2.1484129879528,-475.644754954115
"201",201,2.60460245717448,2.07528671084786,-475.293685698174
"202",202,2.69130573863982,2.15349399302904,-475.753683928597
"203",203,2.77702113781723,2.2422955129777,-476.471189900989
"204",204,2.77701362899454,2.20166693077672,-475.913974478796
"205",205,2.80411235817942,2.17398318147982,-476.320506464033
"206",206,2.77696076893923,2.1754434181203,-475.945309912757
"207",207,2.67890262113398,2.21732881064089,-478.055372702337
"208",208,2.80450830867242,2.19134028400691,-476.099826944384
"209",209,2.69762566927666,2.04735511698519,-477.128529242651
"210",210,2.62529507282785,2.05481698866845,-475.359371449129
"211",211,2.6577497120387,2.11956800939143,-475.529604864698
"212",212,2.78992867405889,2.13469235494568,-476.914853577134
"213",213,2.76442325415856,2.17692929715294,-475.844542093203
"214",214,2.69947859305473,2.09788943041851,-475.829911662375
"215",215,2.71852475605928,2.09198410689785,-476.315065171186
"216",216,2.59744300591983,2.11582821301334,-476.262382792478
"217",217,2.743920510795,2.104962425883,-476.582432906779
"218",218,2.59181239978982,2.02146975974956,-475.301841768211
"219",219,2.6130731318383,2.11190982426843,-475.843993627506
"220",220,2.60284722631908,2.06472202453537,-475.218725729611
"221",221,2.61247735271405,2.08322464225745,-475.342657355624
"222",222,2.56081109452858,2.04614488010927,-475.17946429151
"223",223,2.60043458039321,2.06124833574735,-475.201642753088
"224",224,2.59794486759226,2.04186038241621,-475.193930275377
"225",225,2.54139348828388,2.01847981648434,-474.982947251964
"226",226,2.49036283384657,2.0386665876785,-476.184457494224
"227",227,2.67851990951128,2.15705697206738,-475.94070963892
"228",228,2.7328358453081,2.1560816313809,-475.714359336034
"229",229,2.70228493595779,2.15641639569246,-475.724735076707
"230",230,2.65244169821879,2.11040541915056,-475.461651286013
"231",231,2.65335088911517,2.1048657175191,-475.423558281835
"232",232,2.60330247412606,2.12147493815404,-476.316482483507
"233",233,2.62317217093526,2.03726739271561,-475.550763086904
"234",234,2.55493313389423,2.0329615943141,-475.065646477064
"235",235,2.57962033505521,2.02206157699993,-475.152738361401
"236",236,2.52987105083977,1.9974079256524,-474.898016555576
"237",237,2.51201163980237,1.97664984245791,-474.837814380675
"238",238,2.46148858908161,1.91292763995623,-474.886164776142
"239",239,2.3963783560029,1.86334329957398,-474.606263043423
"240",240,2.37066584723604,1.81869270105689,-475.116782932524
"241",241,2.32572509784128,1.81099202037357,-474.275034635348
"242",242,2.25045547924223,1.70903976267306,-475.330787079788
"243",243,2.2577706470003,1.80314788714379,-473.899320178742
"244",244,2.33582667321409,1.87628025283726,-474.404606823945
"245",245,2.36603928004838,1.90768359402598,-474.686927767628
"246",246,2.43371818189598,1.88739547657459,-474.848340898618
"247",247,2.31609944600237,1.7843649409907,-474.666165630465
"248",248,2.25637676508822,1.80630620906907,-473.954559913952
"249",249,2.24317606731681,1.76609623283303,-473.727466427722
"250",250,2.22173441464225,1.78333794526008,-473.889227407787
"251",251,2.2634239421557,1.70522342310587,-476.06308468094
"252",252,2.11496768887784,1.68339738245181,-473.220107835311
"253",253,2.1148823102365,1.65447566207708,-473.280317381042
"254",254,2.14859187575356,1.65489835413226,-473.995710936741
"255",255,2.09201948721942,1.66257227109369,-473.100108536847
"256",256,2.12597187581195,1.67050831983715,-473.252640502857
"257",257,2.04951992122938,1.63534862530031,-472.976190348589
"258",258,2.06710499731686,1.54128971115202,-476.329603119701
"259",259,1.91313495270591,1.52837825634131,-472.38864076907
"260",260,1.9177974608133,1.46169670077696,-473.687182176089
"261",261,1.9348237852862,1.48060483772243,-473.481958677474
"262",262,1.78684558336504,1.35645634558797,-473.429801949073
"263",263,1.77732556809469,1.4792381498137,-474.488321615144
"264",264,1.93796738557374,1.52695587487513,-472.409291600363
"265",265,1.91889646802741,1.52285092623983,-472.320781073105
"266",266,1.89278547130376,1.45320868120205,-473.096228552267
"267",267,1.81721086076224,1.39421320160141,-472.809189253626
"268",268,1.71932392706838,1.31873177816856,-472.390825332863
"269",269,1.5867638149175,1.29912098717242,-471.924724977388
"270",270,1.64271775283945,1.32777366281485,-471.468600575745
"271",271,1.68672524079233,1.35732240533925,-471.515535540226
"272",272,1.71874996345675,1.35162872501739,-471.430825361588
"273",273,1.68339738510945,1.31417959640719,-471.419249524288
"274",274,1.62482688035834,1.25697496007079,-471.486288267761
"275",275,1.65013352163395,1.23120753484262,-474.488990288019
"276",276,1.63293851769249,1.36488539504485,-474.212543811234
"277",277,1.71577095453422,1.33975705845943,-471.56417682131
"278",278,1.64990347806479,1.2728629749071,-471.740073446146
"279",279,1.59962603275425,1.29669267962655,-471.381296871252
"280",280,1.62404284699615,1.25200854610099,-471.656753042461
"281",281,1.66544330596409,1.26476374058703,-472.858859130846
"282",282,1.62197612449968,1.28421013258357,-470.916604324727
"283",283,1.65429530127706,1.32695781390522,-471.252622526679
"284",284,1.6583584347594,1.33389310676597,-471.357719132441
"285",285,1.78034808826835,1.39941368799557,-471.723920184929
"286",286,1.76155528010784,1.36706037691529,-471.982796763223
"287",287,1.75201539831234,1.41827799009946,-472.08989277217
"288",288,1.7402625739631,1.4105222680393,-472.094694417034
"289",289,1.73965623831347,1.40896472458481,-472.053114012553
"290",290,1.76906508539092,1.37824666479203,-471.877227939979
"291",291,1.71100121156421,1.36806451652817,-471.454832287915
"292",292,1.74478300676774,1.3697105865383,-471.579136095781
"293",293,1.72744491157797,1.36088575120487,-471.450843153777
"294",294,1.71676746840545,1.29481280262953,-473.685269258259
"295",295,1.65812532089993,1.29582422123269,-471.270441741792
"296",296,1.61428707326358,1.29133720051311,-470.984051130252
"297",297,1.60693507598351,1.28196798209424,-470.897161880139
"298",298,1.57864559449491,1.26726673507958,-470.887981891345
"299",299,1.58650994499225,1.28116634079628,-471.136908183383
"300",300,1.57345223334463,1.21513498206487,-471.324610211007
"301",301,1.52633255924345,1.18817449089994,-470.750417887525
"302",302,1.56739886100985,1.19403812483273,-472.159039896818
"303",303,1.49005685617381,1.17402529488057,-470.277536294533
"304",304,1.49456993177686,1.12317815420165,-473.007127869931
"305",305,1.40223018486831,1.10521147384254,-469.802584806693
"306",306,1.40748239184536,1.13127102823539,-469.986913661835
"307",307,1.5063922590132,1.25882500238752,-473.438496660977
"308",308,1.56363460877471,1.23539257061187,-470.631327406662
"309",309,1.54967346188925,1.2296811320866,-470.555407909514
"310",310,1.54969589158603,1.22412657860626,-470.561838374392
"311",311,1.59426043932693,1.26614749294749,-470.78611763025
"312",312,1.54494508650448,1.22362872832247,-470.528610432455
"313",313,1.54982706122197,1.21440557133738,-470.677582477518
"314",314,1.55477319481345,1.18470731134606,-472.080668380805
"315",315,1.42477962386905,1.09617671840087,-470.789029865194
"316",316,1.38263285411134,1.11925916069701,-470.098337129148
"317",317,1.38236313735562,1.09634008001503,-469.653322300655
"318",318,1.36446668695503,1.06624559829722,-469.775244534143
"319",319,1.31236992055484,1.03968689100156,-469.247865312732
"320",320,1.2817826110883,1.0545129288012,-470.427133151772
"321",321,1.34083868841886,1.06903254886747,-469.43967052036
"322",322,1.34687258751365,1.07260271817059,-469.464765507032
"323",323,1.34408918967034,1.0692168648476,-469.440872976958
"324",324,1.31969871134308,1.05121035611455,-469.304743157682
"325",325,1.32417489711864,1.06280519921553,-469.453482921008
"326",326,1.32757615514672,1.08775412640648,-470.436948245745
"327",327,1.32586649830198,1.00859973006643,-471.05122974025
"328",328,1.30500132383887,0.984298253109606,-471.683652006341
"329",329,1.25469788483574,1.00705723795528,-469.013693866693
"330",330,1.26554727080157,0.986082345781262,-469.303573961663
"331",331,1.23952655717194,0.998883808108134,-469.020555374613
"332",332,1.24728154191483,0.967338611669569,-469.386193103438
"333",333,1.17692319531248,0.906353731001337,-469.325374290765
"334",334,1.17601940710109,0.932037813076558,-468.378331055113
"335",335,1.17373231860774,0.929526691961431,-468.367077340982
"336",336,1.15429475027227,0.904785657794822,-468.408500926365
"337",337,1.13905312918599,0.88877640919012,-468.448965440641
"338",338,1.0942801889476,0.906758005910173,-469.542101735943
"339",339,1.12377475331272,0.867743432278221,-468.824376468158
"340",340,1.1055421963662,0.852346088963407,-468.788535295383
"341",341,1.08111707225687,0.869097188781292,-467.792235658101
"342",342,1.07906719680247,0.866512126141168,-467.75377619643
"343",343,1.11092384664543,0.895371054034657,-468.092817230415
"344",344,1.12730703029889,0.895757301289582,-468.027489043549
"345",345,1.12464045435016,0.894305771348418,-468.007859396015
"346",346,1.14972489349596,0.938461323921633,-468.926584832143
"347",347,1.14600544079641,0.930073713302596,-468.611902823006
"348",348,1.12634010593392,0.895975107815897,-468.020621183484
"349",349,1.11309448039145,0.897722028089468,-468.12889068714
"350",350,1.11555756768472,0.89818152107592,-468.101454438985
"351",351,1.13340310545121,0.901704701343092,-468.07228435461
"352",352,1.15880627648321,0.952938319889571,-469.478666314564
"353",353,1.22688821269945,0.943209912048699,-469.737462094778
"354",354,1.15914388925523,0.880894482079784,-470.162688395177
"355",355,1.1591911155609,0.905884752556729,-468.531631933441
"356",356,1.12487053533556,0.885164534898974,-468.112942057939
"357",357,1.12519168918896,0.890285460753478,-468.034156463161
"358",358,1.11662528520745,0.857271882825437,-469.126284841366
"359",359,1.07322593371625,0.85107252978346,-467.628154941743
"360",360,1.09065701812395,0.898004605426078,-468.996336480901
"361",361,1.15055006283429,0.897900829672232,-468.520522688183
"362",362,1.1167919698266,0.888060364702146,-467.950073621904
"363",363,1.10274663271245,0.87656354126904,-467.845367252438
"364",364,1.10296507634766,0.884003479829646,-467.909051857388
"365",365,1.07465225170957,0.834607593156813,-468.188209171139
"366",366,1.05789403686523,0.849249759975652,-467.574830467189
"367",367,1.07620201472113,0.863939651267201,-467.724734021794
"368",368,1.10614385838313,0.896255416103951,-468.23090390062
"369",369,1.13303072919761,0.886554717468574,-468.31421814731
"370",370,1.12139304452591,0.876722108880848,-468.259724226883
"371",371,1.06391005273002,0.87235130539916,-468.475198395186
"372",372,1.08711254074246,0.889258097495882,-468.535245450391
"373",373,1.09888000397925,0.853443601206979,-468.360647218099
"374",374,1.091585742613,0.895261911724775,-468.735318218715
"375",375,1.10819770239693,0.880358662834165,-467.887016031915
"376",376,1.10365895597243,0.870924481479972,-467.910354186612
"377",377,1.09167885256638,0.826439354531785,-470.05818342376
"378",378,1.08520611758256,0.863600747572387,-467.711677934148
"379",379,1.07778777166067,0.878637637565219,-468.268912970154
"380",380,1.06821467527983,0.836516181952212,-467.823051377487
"381",381,1.09566823716873,0.834225848716805,-469.5944620697
"382",382,1.07709920954207,0.836011706138035,-468.233516692782
"383",383,1.04583009360363,0.799279387296968,-468.951913976487
"384",384,0.97024035902519,0.76774293429555,-466.788587883218
"385",385,0.969728808798842,0.778538054273804,-466.791145560556
"386",386,0.998630250664552,0.78269749150236,-467.246386590195
"387",387,1.01800713045299,0.827411817841042,-467.59449303739
"388",388,1.05052822071204,0.826598819841016,-467.562068027651
"389",389,1.02388125457002,0.798859706028988,-467.608302185741
"390",390,0.984987135475422,0.773791182079082,-467.064466260395
"391",391,0.959548788574761,0.767265783354288,-466.651133154919
"392",392,0.942143920278312,0.736282510967782,-466.854470488261
"393",393,0.899247448991465,0.720105209725162,-466.048180626782
"394",394,0.894289457456642,0.694313307754537,-466.695983464909
"395",395,0.855316542902626,0.688909755290053,-465.611046453318
"396",396,0.878295663849347,0.700809139378557,-465.80959607934
"397",397,0.855243023367606,0.683361365024471,-465.546678392301
"398",398,0.852305724499685,0.67789086233351,-465.531758879366
"399",399,0.832814680035425,0.663822208829164,-465.285999245165
"400",400,0.816381747937645,0.6614493497241,-465.231345025873
"401",401,0.866128054982794,0.697538504813162,-465.738712818967
"402",402,0.899908624275808,0.740849848552424,-467.006668847625
"403",403,0.929538953220973,0.749394798571099,-466.464358608113
"404",404,0.93543893031109,0.759521856708233,-466.73054976019
"405",405,0.955389918028695,0.784183995296144,-467.465661759203
"406",406,0.945284731148719,0.762555262083949,-466.640890979015
"407",407,0.940180108562179,0.751908281578269,-466.463372785476
"408",408,0.933371559838923,0.734427984565553,-466.557922248558
"409",409,0.90105662898957,0.71454672773088,-466.09369614886
"410",410,0.908433960872845,0.722892350908813,-466.140273458716
"411",411,0.91455113923341,0.708672584224452,-466.989253771176
"412",412,0.880989860321982,0.689044747115822,-466.235978725242
"413",413,0.834428391084669,0.671199900686866,-465.33475504363
"414",414,0.803439423889556,0.648596049349212,-464.978499521492
"415",415,0.798110856337403,0.646689112208833,-464.979253466433
"416",416,0.813026621447199,0.656240533545822,-465.106401276568
"417",417,0.811138119242617,0.658771045752226,-465.223575301606
"418",418,0.840020359278746,0.680204608905444,-465.529145858375
"419",419,0.878512372657706,0.677005988679695,-466.970309323113
"420",420,0.86157484827157,0.690688568676645,-465.632437238098
"421",421,0.849396535798475,0.686414365786953,-465.600487077938
"422",422,0.848534975811769,0.675878887020785,-465.477310705531
"423",423,0.83352765563169,0.676535240439122,-465.508840776216
"424",424,0.873064831792828,0.714326767413697,-466.329347508865
"425",425,0.871177182204567,0.689151302466213,-465.814381586772
"426",426,0.865739035195337,0.702594648916865,-465.915251699068
"427",427,0.874163674070002,0.686928212858819,-466.005235446539
"428",428,0.857789463489419,0.685746379237504,-465.576803999786
"429",429,0.866425236818072,0.683876895448929,-465.807036992929
"430",430,0.836052600526661,0.683018896006943,-465.777252823871
"431",431,0.854196559390669,0.680776036351217,-465.540164434926
"432",432,0.848654173218921,0.649710283126876,-467.132994553296
"433",433,0.754159934484129,0.591320739527264,-464.648323066475
"434",434,0.757350842000015,0.625614403406466,-465.129983462444
"435",435,0.767807100987184,0.621222910178837,-464.504037635143
"436",436,0.75874678197115,0.594164907263621,-464.761111160437
"437",437,0.767649880710079,0.59937703895954,-465.005864438274
"438",438,0.766199198143134,0.624797460584246,-464.683356889724
"439",439,0.791469483682382,0.661541041435701,-466.567798719538
"440",440,0.812386061232115,0.643802026156366,-465.101620016264
"441",441,0.826517134265079,0.678406989308806,-465.865912253066
"442",442,0.833720109706418,0.657822440854421,-465.448316215188
"443",443,0.840160776319181,0.668069432733806,-465.392179244092
"444",444,0.837220448313297,0.667062650437642,-465.341512088454
"445",445,0.848176344955546,0.667024882585303,-465.701243334478
"446",446,0.832185035518883,0.671050300118641,-465.341387431281
"447",447,0.819351629909666,0.664612290662235,-465.301347061327
"448",448,0.825318342870394,0.642907648125605,-465.811257126147
"449",449,0.813766794658294,0.64957742590627,-465.042379684906
"450",450,0.8304005531621,0.652815618700744,-465.510615550082
"451",451,0.82180482772834,0.660316277067572,-465.16227459872
"452",452,0.812954637016855,0.655913336891279,-465.098531947167
"453",453,0.809594433248943,0.663480481047153,-465.544885791469
"454",454,0.81398882654059,0.660872211371087,-465.253742361221
"455",455,0.807066552761331,0.648131767072744,-464.964982072267
"456",456,0.83686026547209,0.652651649581215,-465.886928112942
"457",457,0.781540136627502,0.623218061951819,-464.622900012573
"458",458,0.752795410248255,0.624354721208791,-465.299308481895
"459",459,0.779506708447876,0.601907843919445,-465.764925641083
"460",460,0.733616857706752,0.59277864403234,-463.944120824865
"461",461,0.735047908290187,0.58965339196775,-463.918339281046
"462",462,0.714376722417545,0.559236296334616,-464.147417178038
"463",463,0.737408670108935,0.573761268995565,-464.774050261909
"464",464,0.718797026625582,0.59824779764972,-464.88992288438
"465",465,0.767846848435485,0.638961376386518,-465.801570977558
"466",466,0.789592038650762,0.617647410919234,-465.203552859519
"467",467,0.764853121672212,0.574233005604693,-468.029524527523
"468",468,0.707124784512612,0.56333509788616,-463.519215903674
"469",469,0.713886533717824,0.578080580730898,-463.641694128046
"470",470,0.711723130684388,0.566354316203512,-463.611364846677
"471",471,0.698027208387061,0.561401271243317,-463.304428511961
"472",472,0.685092646769756,0.545921337785019,-463.142897582174
"473",473,0.663498782073832,0.538534785545552,-462.72991293049
"474",474,0.657797561608589,0.518850193649286,-462.921412870587
"475",475,0.62003402218787,0.492840137701806,-461.959599918183
"476",476,0.596562444400349,0.475183971970142,-461.401583127609
"477",477,0.58607023964978,0.47855597269839,-461.038552819686
"478",478,0.610681948900653,0.52343324823482,-464.787740428395
"479",479,0.645006815246883,0.526226212744014,-462.436023458461
"480",480,0.667995423036957,0.526360979693078,-463.137618893248
"481",481,0.666126089972523,0.548774899304977,-463.215161744522
"482",482,0.669909455879037,0.529871713559078,-463.046274474343
"483",483,0.64023066297949,0.519426748933814,-462.237430185443
"484",484,0.639361782464542,0.504688908525602,-462.554660676251
"485",485,0.635901789322645,0.516504685178444,-462.157334079261
"486",486,0.616415534252415,0.507077164954613,-461.998350605973
"487",487,0.631693782151577,0.519835643383747,-462.384481636251
"488",488,0.640351261167692,0.52142193721812,-462.294627536788
"489",489,0.635006141667709,0.509076768679978,-462.116559100776
"490",490,0.615652558657999,0.484609445417652,-462.201307346325
"491",491,0.606184630832833,0.497711980190159,-461.681164749701
"492",492,0.608976699372192,0.499356674310891,-461.715655024176
"493",493,0.616411048344012,0.487197954049984,-462.058006516159
"494",494,0.611170376228248,0.49053122277343,-461.594514998449
"495",495,0.607338757006924,0.491262509467632,-461.476763117014
"496",496,0.605744017398699,0.494932792042753,-461.551464179689
"497",497,0.59709609353903,0.494071012968989,-461.713871150747
"498",498,0.598731048970381,0.494340505268052,-461.671552226355
"499",499,0.598014808008524,0.475846340083635,-461.46028287806
"500",500,0.574993580622334,0.47500188059057,-461.030197058893
"501",501,0.583096382704145,0.473586292063278,-460.90097779213
"502",502,0.558569404336117,0.443823509525546,-460.576577740981
"503",503,0.545177977140495,0.453814781772943,-460.405538770493
"504",504,0.557163531739369,0.455388381697455,-460.259187957821
"505",505,0.550213117928357,0.434276459025362,-460.626078084106
"506",506,0.510084505726552,0.426410786678734,-459.348400968974
"507",507,0.521295029129524,0.418471186027579,-459.294515336136
"508",508,0.511298405142004,0.423400118731647,-459.058730399823
"509",509,0.506013241469123,0.416566496769114,-458.742410868913
"510",510,0.501588054815446,0.413313621134168,-458.601692902387
"511",511,0.506012279334063,0.41129260884496,-458.662937938188
"512",512,0.506076639855056,0.40679070101076,-458.807875303927
"513",513,0.484945340000927,0.399001073318514,-457.971362377112
"514",514,0.491573248906594,0.40480022703558,-458.228256431356
"515",515,0.483175204686891,0.388109642627534,-458.090059857585
"516",516,0.451815093084286,0.387535243646352,-458.222671822441
"517",517,0.488734510285862,0.386117758988817,-458.899425255141
"518",518,0.478669417995561,0.389097027039955,-457.725965027235
"519",519,0.470617650349353,0.38837773947891,-457.455616571688
"520",520,0.47032746277009,0.39306107027685,-457.738186894206
"521",521,0.456627427926672,0.379527325095544,-456.997838927373
"522",522,0.473077286521416,0.401802616315078,-458.625510450625
"523",523,0.487905860788838,0.381469561630085,-459.474833239282
"524",524,0.489965824159264,0.379250568203185,-460.257413666515
"525",525,0.450792570251591,0.359294802856944,-457.244287814839
"526",526,0.42287374898006,0.346480987272382,-455.419430831194
"527",527,0.414650905933213,0.340666138820013,-455.02199980453
"528",528,0.4159089555835,0.34302094920424,-455.067836259084
"529",529,0.41295606306555,0.341942963024777,-454.932996477747
"530",530,0.415567168156075,0.335089732313241,-455.433074064666
"531",531,0.388834792863279,0.309103273568462,-454.924489648844
"532",532,0.363002694029507,0.306330703302767,-452.314849437773
"533",533,0.36314219012744,0.29507683040924,-452.681022350621
"534",534,0.363345871596517,0.302324516070576,-452.243348069186
"535",535,0.347441773319581,0.301350361722522,-452.089370904226
"536",536,0.337941746194427,0.282128015260643,-450.6179581057
"537",537,0.321769822024847,0.27532041285504,-449.569643483752
"538",538,0.315060587430374,0.258939857221467,-449.412024202298
"539",539,0.311792262378158,0.272574676998366,-449.350891225015
"540",540,0.326352505622424,0.27382939484854,-449.785440756236
"541",541,0.304770265631155,0.269217763865325,-449.151983523928
"542",542,0.29920223317182,0.269179596296957,-449.702295657965
"543",543,0.29842830288103,0.263748432938211,-448.519064869889
"544",544,0.311880830411486,0.26777028504699,-448.810080810244
"545",545,0.300507692519914,0.2752388338147,-451.418695290948
"546",546,0.326605061059773,0.272389847121145,-449.855760801969
"547",547,0.329151927249456,0.274747463662099,-450.022213334825
"548",548,0.324783818773159,0.270033532294947,-449.775652950177
"549",549,0.299836730300762,0.264640683421144,-448.600970378179
"550",550,0.311399597136438,0.260908718745517,-448.700136217411
"551",551,0.309093134533658,0.259418836309543,-448.504943242094
"552",552,0.30479886792496,0.268468654638842,-449.00930193233
"553",553,0.31132014474691,0.268087989454045,-448.822465297419
"554",554,0.320589323817013,0.268753339807626,-449.374859710578
"555",555,0.313886638976439,0.258482415336292,-449.266831290542
"556",556,0.279814913450555,0.219192776241622,-450.268840491756
"557",557,0.217463634593241,0.183492637639041,-439.765008744906
"558",558,0.174517617523718,0.137497121387139,-440.076708103986
"559",559,0.10636702658811,0.0433064562249837,-425.989717877409
"560",560,0.0551433707368761,0.0133360625135724,-360.158315462274
"561",561,0.0450466654976572,0.0135867201022095,-347.32623143524
"562",562,0.0340734251240445,0.00642906462461219,-324.868759005254
"563",563,0.0135226581804549,0.00712419061549601,-271.894265264251
"564",564,0.0127225343236129,0.00817465593963811,-268.43921990835
"565",565,0.00194579949414384,0.00490520101631175,-202.452162059888
"566",566,0.00057056632005185,0.00395864779920585,-196.446660435312
"567",567,0.000675639580684542,0.00436262121508292,-196.546692856007
"568",568,0.000589729495009375,0.00466655537536138,-196.80258521506
"569",569,0.000384266245195355,0.00417042380845158,-196.7918773115
"570",570,0.00078250130000026,0.00505779775479469,-197.630380519752
"571",571,0.000413495447461936,0.00446542490133031,-196.868423029067
"572",572,0.000550046015963446,0.00379992347009618,-196.55958982589
"573",573,0.000944514651050239,0.0044204297205398,-197.207133651367
"574",574,0.000623653912336009,0.00484542997951501,-197.077513258619
"575",575,0.00102651395986136,0.00456479851527678,-197.589480383487
"576",576,0.0003645441951249,0.00385266756494245,-196.937667493949
"577",577,0.00101178722341927,0.00352187865781012,-198.159581063247
"578",578,0.000569687132057066,0.0037046406331389,-196.666527934828
"579",579,0.000694390697748838,0.00374889273252822,-196.74186580322
"580",580,0.000503231294878279,0.00420073056872873,-196.471241401229
"581",581,0.000601022916408786,0.00521920750613387,-197.853790196305
"582",582,0.000701952795071058,0.00342652284919219,-197.345375474958
"583",583,0.000449188014647795,0.00414080794795214,-196.561330413249
"584",584,0.00101117604386598,0.00373032073978214,-197.758102177901
"585",585,0.000539833673061526,0.0031921507330605,-197.832470097237
"586",586,0.000303467822756472,0.00364806792489962,-197.516078425508
"587",587,0.000620230129315124,0.00455973766141299,-196.673182380252
"588",588,0.000522377809205068,0.00443500336316807,-196.585489135804
"589",589,0.00049091875210717,0.00431942487645895,-196.543637877059
"590",590,0.000550780300038828,0.00376874531637642,-196.590781907835
"591",591,0.000632351429500584,0.00476523808430636,-196.949354705414
"592",592,0.00106526978974787,0.00342839317143942,-198.635175205845
"593",593,0.00109264460103788,0.0037334727781979,-198.108651262239
"594",594,0.00184708792774452,0.00526697415701293,-202.355933029373
"595",595,0.00131024163781014,0.00333486893557788,-200.186700362024
"596",596,0.000811227973111049,0.00417102714003308,-196.747070665517
"597",597,0.000880853181655055,0.00455903087534414,-197.114294781073
"598",598,0.000830538490952482,0.00424886180567297,-196.804137277101
"599",599,0.000635069336485368,0.00389835201512256,-196.515180617748
"600",600,0.000459444180294306,0.00423917239870006,-196.565285055705
"601",601,0.000557894300549888,0.00398520568422101,-196.436787192368
"602",602,0.000606612477858248,0.00491429761601619,-197.199821309447
"603",603,0.000631031591290129,0.0042911077127004,-196.469526671921
"604",604,0.000756448584495469,0.00446903676604872,-196.743854004561
"605",605,0.000718956806125564,0.00498157782883041,-197.389873430344
"606",606,0.000490329358861248,0.00442419091385046,-196.622497375601
"607",607,0.00107236262207187,0.00446965722265519,-197.69639073138
"608",608,0.000759410327694255,0.00455523503881161,-196.826368978174
"609",609,0.000612091453686321,0.00330593294800116,-197.520409472582
"610",610,0.000453578137005298,0.00613101391164204,-200.967613322229
"611",611,0.000398210149351597,0.00265090271509486,-200.601802778634
"612",612,0.000349771450574341,0.00336076883590482,-197.759249472039
"613",613,0.000487498791902078,0.00423214270515791,-196.50584975929
"614",614,0.000543742867229328,0.00373434047766761,-196.63056611867
"615",615,0.000463069789994063,0.0034151623723814,-197.256878819739
"616",616,0.000585939326777717,0.00347760441420549,-197.063363834597
"617",617,0.000775713830766488,0.00371642778439749,-196.965006112853
"618",618,0.00127855188503688,0.00426776199718254,-198.556736759382
"619",619,0.000434483386144021,0.00407530403342121,-196.596085057185
"620",620,0.000754060588998433,0.0043342602585787,-196.654497608866
"621",621,0.00056181844197443,0.00402369162313256,-196.424141376353
"622",622,0.00076190195563309,0.00469268467469735,-196.988361260003
"623",623,0.000534188467294958,0.00368182612931612,-196.69975952196
"624",624,0.000456884661271198,0.0036654676769337,-196.811021123834
"625",625,0.000765888464716728,0.00446424441605376,-196.758295276665
"626",626,0.0007753816053034,0.00369826147232879,-196.990256880581
"627",627,0.000421744528536604,0.003919267466507,-196.671676254639
"628",628,0.000519233534688217,0.00475498648087787,-196.987966848578
"629",629,0.000880570294767803,0.00520092514629369,-198.12958889669
"630",630,0.000372311870966617,0.00408490505954924,-196.832626959196
"631",631,0.000376173328308661,0.00427196808307301,-196.872710670847
"632",632,0.000823475359075389,0.00411915212916091,-196.783996979504
"633",633,0.000965477373182976,0.00334255267901677,-198.438014113452
"634",634,0.000285238600216309,0.00455797752169035,-197.758954965036
"635",635,0.000344782130339429,0.00372152501527023,-197.155286134953
"636",636,0.000752447198827368,0.00344996854152756,-197.407954975536
"637",637,0.00057367598071638,0.00361379962106347,-196.800078340456
"638",638,0.00120310822286896,0.00473630068884139,-198.451183502932
"639",639,0.000430085901392588,0.00427309858657775,-196.661555828474
"640",640,0.000576313420452273,0.00357983259113643,-196.85845563819
"641",641,0.000320761946497599,0.00397934771434939,-197.141843246366
"642",642,0.000679175084963576,0.00454561563662841,-196.699178634447
"643",643,0.000529781376083171,0.00458303024539902,-196.732441691669
"644",644,0.000776986847412248,0.00415431887584116,-196.664237717791
"645",645,0.00042822214163481,0.0041614497896982,-196.624388704434
"646",646,0.000467052786924935,0.00386793529232345,-196.588005170058
"647",647,0.00070518758698117,0.00365447476393249,-196.894641975069
"648",648,0.00091007428295674,0.00383611939303547,-197.2299140718
"649",649,0.000650180015379793,0.0039022545632479,-196.528872332545
"650",650,0.000444523253560175,0.00367508327269366,-196.824982610594
"651",651,0.000680196170800953,0.00451333586411021,-196.668315068669
"652",652,0.000511243645187888,0.00423742350878582,-196.473319644664
"653",653,0.000640417896975561,0.0044039616369605,-196.541316856197
"654",654,0.00024380293978918,0.00330706980809762,-198.743330797902
"655",655,0.000484126202431571,0.00428060791463598,-196.533627012864
"656",656,0.000567446696038788,0.0043940963049428,-196.519530894142
"657",657,0.000702017131154526,0.00522379073639779,-197.889993904417
"658",658,0.00122247652846691,0.00422567198935193,-198.294501469937
"659",659,0.000530602252154843,0.00307046037740806,-198.279315462517
"660",660,0.000491689137018117,0.00536371281534235,-198.365887694317
"661",661,0.00048261179192986,0.0026337181316648,-200.57043905304
"662",662,0.000624825699647132,0.00544009036377348,-198.417565676549
"663",663,0.0006810808064793,0.00535627077532164,-198.203109348644
"664",664,0.000711512929522387,0.00516015880566778,-197.752466181139
"665",665,0.000810096542998747,0.00421047484608082,-196.74580420741
"666",666,0.00049527276222646,0.00350157782567096,-197.027216646012
"667",667,0.000425888729511273,0.00384536254806362,-196.702864084137
"668",668,0.000961099038126105,0.00470172318511464,-197.503365509179
"669",669,0.000596497702885948,0.00534696156751004,-198.177597232317
"670",670,0.000872627582313021,0.0048870172441745,-197.510516220376
"671",671,0.000668648657244951,0.00324741140921685,-197.785501973543
"672",672,0.000527215992749035,0.00509702648841223,-197.636327425792
"673",673,0.000824360353129503,0.00466213363117407,-197.078336038421
"674",674,0.000833356572424949,0.00412813985439939,-196.809562768256
"675",675,0.000973998247184501,0.00325168327642588,-198.767323959077
"676",676,0.00091916945793405,0.00401852940673333,-197.113521054918
"677",677,0.000351448231902708,0.00415884412542891,-196.954373002869
"678",678,0.000393359972456444,0.00346631331746127,-197.327353951497
"679",679,0.000769400833491531,0.00429772216001361,-196.670864811053
"680",680,0.000537213369962347,0.00472791900529646,-196.923406382972
"681",681,0.000812206059765986,0.00320621539758728,-198.302915468516
"682",682,0.000834601937971271,0.00472772428266853,-197.184282991929
"683",683,0.000295127585810278,0.00449651764995589,-197.596573989111
"684",684,0.000677061610623857,0.0045773845885107,-196.730831499246
"685",685,0.000467584734748242,0.00434491748210773,-196.605795663048
"686",686,0.000280361379298867,0.00396323989233374,-197.468984429958
"687",687,0.00076037725374444,0.00364992185591392,-197.026647887875
"688",688,0.000985108932667584,0.00386687948453244,-197.476242373802
"689",689,0.00041062437218481,0.0035162060474273,-197.170009755434
"690",690,0.000417100587256447,0.00337169479780859,-197.464505757636
"691",691,0.000732681695509423,0.00428721481056603,-196.59512731287
"692",692,0.000723104280272788,0.00482085767582959,-197.113504217857
"693",693,0.000698092975072803,0.00460140550631396,-196.781150433669
"694",694,0.000544074902937023,0.00446685430825373,-196.593696771056
"695",695,0.000603560795550459,0.00426088926577852,-196.443930997915
"696",696,0.000549897803577285,0.0039314170218019,-196.462753060278
"697",697,0.000651379957980324,0.00467722309487684,-196.831755129612
"698",698,0.00109457218244716,0.00466823548659798,-197.939143905031
"699",699,0.000706962726332791,0.00445370491911387,-196.649822798016
"700",700,0.000690448129018355,0.0043292186735822,-196.546879237255
"701",701,0.000519586984781737,0.00429122321789309,-196.487967261976
"702",702,0.000538672473640232,0.00430328469200966,-196.47674667837
"703",703,0.000639040959827453,0.00411243738821639,-196.440425804399
"704",704,0.00147917509175888,0.00459838494099263,-199.64649344188
"705",705,0.000147109874448562,0.0044122380977411,-199.662649437954
"706",706,0.00119460971027839,0.00420014330899147,-198.169698612287
"707",707,0.00117483605324567,0.00402901158285817,-198.155049615193
"708",708,0.00114396392893312,0.00374991890197978,-198.321572336134
"709",709,0.000311821700182219,0.00404044685129013,-197.198053928778
"710",710,0.000925841628976648,0.0043949710092157,-197.133511823791
"711",711,0.000769396040057202,0.00359528639517669,-197.144825487307
"712",712,0.000204574431473711,0.0045240303544564,-198.681156733848
"713",713,0.000262230375839708,0.00446390719103898,-197.872118673075
"714",714,0.00143327832033169,0.0045203797260434,-199.371748076208
"715",715,0.000430632619102949,0.0042803741552495,-196.663793402258
"716",716,0.000771308273014882,0.00373586543761561,-196.927001628041
"717",717,0.000544574376013936,0.00376993756350751,-196.590845046087
"718",718,0.000277252607029445,0.00432896642712582,-197.596780288072
"719",719,0.000556183440936813,0.00466115293803568,-196.809849143238
"720",720,0.000585121805157523,0.00488473810949044,-197.15099319745
"721",721,0.000550229217253252,0.0036208187703197,-196.785586883968
"722",722,0.000448982123928155,0.00373686409451042,-196.74064746592
"723",723,0.000783336034179038,0.00400944230065625,-196.714727129364
"724",724,0.00047817470692388,0.00399745366098799,-196.507081261081
"725",725,0.000614713527646456,0.0036135552518053,-196.826647301609
"726",726,0.00054645441991834,0.00509637122055612,-197.609580568696
"727",727,0.000614585218408055,0.00405172994395971,-196.430044861787
"728",728,0.00101727051230899,0.00439502770501662,-197.44960615747
"729",729,0.000593323676244024,0.00375492911001385,-196.614044503478
"730",730,0.000248991716454351,0.00448509052736506,-198.041424226475
"731",731,0.000353000684358507,0.00378219478518229,-197.050836381131
"732",732,0.000378430790396272,0.00381191757875724,-196.901714082045
"733",733,0.000769788984480045,0.00486983699553376,-197.264068070341
"734",734,0.000477794759953395,0.00460708985908479,-196.846882484441
"735",735,0.000747500299824354,0.00414259983411448,-196.600785723908
"736",736,0.000647773335238787,0.0033835529638268,-197.35447260404
"737",737,0.00078436780656285,0.00406069947317464,-196.697606141576
"738",738,0.00059382883113494,0.00317685948303797,-197.91400086204
"739",739,0.000519020568644453,0.00415501174955994,-196.442465821874
"740",740,0.000958719211860925,0.00406972505645908,-197.229075596501
"741",741,0.000312903251131828,0.00387556065458536,-197.237184242623
"742",742,0.00106733964210085,0.00453713187608156,-197.720523195248
"743",743,0.00171438422779793,0.00436200750679396,-200.894462196357
"744",744,0.000234665139737508,0.00364358718764254,-198.199447852277
"745",745,0.00132383865641895,0.00546856819419401,-200.224352000086
"746",746,0.00018912881976766,0.00377145819828544,-198.737762738754
"747",747,0.00108932414502934,0.00433678171272121,-197.711718382334
"748",748,0.00046894271109846,0.00456816147288056,-196.817585081751
"749",749,0.00108105482470867,0.00397530008074509,-197.772907345133
"750",750,0.00091391552806979,0.00453922707884732,-197.192900311995
"751",751,0.00130445140169115,0.00453010185866424,-198.740739007592
"752",752,0.000474592499654522,0.00455099525390529,-196.7841230013
"753",753,0.000712226579651513,0.00397213715699663,-196.580237313008
"754",754,0.000892834372920613,0.00344841255747803,-197.85789838362
"755",755,0.000822047591250604,0.00511409672597779,-197.817973656805
"756",756,0.00058373053300046,0.00343115621330865,-197.166738915718
"757",757,0.000537934047324277,0.0036469277757762,-196.747798804746
"758",758,0.000665573421112701,0.00494916289925423,-197.280564147976
"759",759,0.00103275588467171,0.00366927876951706,-197.950422743034
"760",760,0.00117251112707197,0.00342116058412214,-199.179976530931
"761",761,0.00100456261795134,0.00509430504348916,-198.251201101105
"762",762,0.00132003163766415,0.00361401200052533,-199.478355355544
"763",763,0.000572146108707955,0.00470800212334301,-196.866841498955
"764",764,0.00100707910424695,0.00427822873504572,-197.379192105918
"765",765,0.000911314805476769,0.00397122992898125,-197.115047455237
"766",766,0.00126423847784085,0.00468973551862116,-198.672210641478
"767",767,0.000479604090900812,0.00417539471488438,-196.502093394947
"768",768,0.000569007095524221,0.00495444480619073,-197.29123386613
"769",769,0.000581554903655199,0.00501326290864436,-197.401744876687
"770",770,0.000725396874940576,0.00426999850119242,-196.576494359744
"771",771,0.000668966813412331,0.00447668615624621,-196.623233492823
"772",772,0.00160584094040487,0.00491791522410261,-200.583128286613
"773",773,0.00110694070166078,0.00501618787430651,-198.459100485258
"774",774,0.000643725312263818,0.00373346543545163,-196.684089890862
"775",775,0.000586428107417269,0.00358125604328327,-196.860744543455
"776",776,0.000727339671888268,0.00418130694819459,-196.562476503382
"777",777,0.000720130377671702,0.00393907213690422,-196.614001255086
"778",778,0.000549920060203191,0.00382272755881736,-196.538778205043
"779",779,0.000286053443999809,0.00321795821095614,-198.58096442599
"780",780,0.00085368540992181,0.00519514930735993,-198.056678982124
"781",781,0.000281201184137755,0.00367913916961228,-197.661798243977
"782",782,0.000454898180575373,0.00361136943792792,-196.89339506959
"783",783,0.000477298991844449,0.00514088080936743,-197.835823476423
"784",784,0.000412526144268441,0.00392461989415412,-196.699212560595
"785",785,0.0007418922352742,0.00422695146623746,-196.595789876297
"786",786,0.000599441895876245,0.00444030353532242,-196.552746649089
"787",787,0.00107373203886442,0.00447978012572541,-197.707579338708
"788",788,0.00102079956439146,0.00492177294884871,-198.001806349727
"789",789,0.0007171942528931,0.0048021096676263,-197.076339906996
"790",790,0.000366711610559476,0.00463155740933079,-197.282891797269
"791",791,0.000380204805188981,0.00373224256607628,-196.967610279976
"792",792,0.000885951669347499,0.00425096427600172,-196.962730207054
"793",793,0.000725785604718119,0.00415720042169693,-196.558603281742
"794",794,0.000372608756373635,0.004529864666773,-197.118854985386
"795",795,0.000592305489709703,0.00366024528670935,-196.736701622719
"796",796,0.000618897792793678,0.0039199159779259,-196.486910411606
"797",797,0.000991257855970593,0.00475750125858177,-197.669276181635
"798",798,0.00059760942662058,0.00344919619642872,-197.134902436109
"799",799,0.000636670755536295,0.00387855662795824,-196.531151159677
"800",800,0.000464471894997676,0.00380244217717389,-196.643647945282
"801",801,0.000451789494068066,0.00395804398785266,-196.573517364501
"802",802,0.000704998447009967,0.00484399751427231,-197.128943978177
"803",803,0.000835365739252707,0.0047912487286957,-197.274054738732
"804",804,0.000619979000015324,0.0043118829648993,-196.472962629919
"805",805,0.00065107359751675,0.0051356805656854,-197.658342847049
"806",806,0.000410450716728781,0.00366982235037536,-196.926882228344
"807",807,0.000359153994937406,0.00370937867501155,-197.091356747984
"808",808,0.00104286900757802,0.00406426931565863,-197.556107412404
"809",809,0.000550011289637879,0.00377496327595359,-196.584401816941
"810",810,0.000333744316587784,0.00469244950995399,-197.571988010456
"811",811,0.000671662135615414,0.00432973992274687,-196.524105957954
"812",812,0.000469908293251229,0.00479897754364926,-197.155673626212
"813",813,0.000531506626497194,0.0034507899153243,-197.111747112624
"814",814,0.00078796713881281,0.00432776435397611,-196.723240009822
"815",815,0.00191749269368629,0.00543145889282891,-203.022375905568
"816",816,0.00163541833622619,0.00389801332890707,-200.785596579411
"817",817,0.000960857504085165,0.0042219339996817,-197.207063475091
"818",818,0.000977299402367714,0.00319278917639844,-198.992121095544
"819",819,0.00119638635517739,0.00513381109292635,-199.008912356834
"820",820,0.00033608239656014,0.00440338797803288,-197.194993739061
"821",821,0.000532042134551297,0.00397855577968488,-196.449977029285
"822",822,0.000547482049614008,0.00468221975353353,-196.846081786162
"823",823,0.00059337226771448,0.00367807667661512,-196.711685316779
"824",824,0.000858856989033241,0.00385451642101847,-197.039734529302
"825",825,0.000536446154589574,0.00420550352733022,-196.43836207795
"826",826,0.000600821661375388,0.0041018104382389,-196.416647641679
"827",827,0.000637075553753393,0.00385663739033186,-196.548952470312
"828",828,0.000736665647562247,0.00447351596680477,-196.712035563221
"829",829,0.00100017527692009,0.00431024770149605,-197.359227111977
"830",830,0.000231228183797277,0.0038778087572906,-198.035881060105
"831",831,0.000407301761451097,0.00489674457297952,-197.539490682797
"832",832,0.000600257004636164,0.00433157506672887,-196.476554791916
"833",833,0.000518901162679895,0.00398821509871833,-196.456669682219
"834",834,0.000729063504873324,0.00355898544148731,-197.113864863697
"835",835,0.000401995991275036,0.00387592217820856,-196.761950714321
"836",836,0.0005241152633801,0.00413672463265522,-196.435289021852
"837",837,0.000214991960871377,0.00349315607558299,-198.697713135168
"838",838,0.000345255849271339,0.00379295218436178,-197.084594431283
"839",839,0.000783411296141638,0.00389965916791513,-196.783772656855
"840",840,0.000841255336392015,0.00475851202143898,-197.241472636796
"841",841,0.000839369973098767,0.00430585608411757,-196.842251532532
"842",842,0.000778438532435198,0.00434014253001016,-196.707571386715
"843",843,0.000597865711915697,0.00402618219423103,-196.427842140914
"844",844,0.00065094678553357,0.0036859270240961,-196.756777422871
"845",845,0.00056961841465383,0.00455538055692915,-196.670130427585
"846",846,0.000539167262187109,0.00493145015251708,-197.274083495617
"847",847,0.000728330276619469,0.00402020380899695,-196.588814263655
"848",848,0.000866608275957552,0.0042971617008854,-196.915376367568
"849",849,0.000996224017237835,0.0040854978582689,-197.362513334827
"850",850,0.00068908683187898,0.00426373699966885,-196.518141707202
"851",851,0.000579454799621895,0.00427176024417819,-196.445321953624
"852",852,0.000541909869815411,0.00498964983124485,-197.386607973286
"853",853,0.000550878055548814,0.00331558150592672,-197.451779138492
"854",854,0.000592087515234147,0.00415774647640587,-196.415614352779
"855",855,0.000359134064431098,0.00509063465116592,-198.192642085944
"856",856,0.000802128781945379,0.00469724458553291,-197.072421540267
"857",857,0.000783508827988295,0.00466063897722135,-196.988769886688
"858",858,0.000587360580473325,0.00312782268123788,-198.08506366554
"859",859,0.000593747791171345,0.00479894382702786,-197.000333773909
"860",860,0.000555793947903228,0.004672275789581,-196.825517587577
"861",861,0.00096153995597741,0.00443602258892389,-197.272453847729
"862",862,0.00102867265251305,0.00423896049216267,-197.458576106323
"863",863,0.000527384099197102,0.00536979104836407,-198.311965229134
"864",864,0.000822461991031303,0.00482964196047724,-197.302575341962
"865",865,0.000845407636093755,0.00410399529839481,-196.84810012604
"866",866,0.000320851628412738,0.00446117674442476,-197.355966725824
"867",867,0.000816298487611356,0.00363217350185761,-197.211424807655
"868",868,0.000468795763790719,0.00443861708845063,-196.678755715895
"869",869,0.00105020522463021,0.00332970132771171,-198.854210948817
"870",870,0.000691000694460607,0.00492287302445712,-197.251428459893
"871",871,0.00122491951160244,0.00370662841628986,-198.792652079528
"872",872,0.00126181301907808,0.00514129939240899,-199.288039880921
"873",873,0.00110884887546293,0.00457714795784526,-197.913576852492
"874",874,0.000420500578531255,0.00451542575923558,-196.896874076394
"875",875,0.000326349964979797,0.00445222596324355,-197.307811484104
"876",876,0.000760480168062156,0.00434887886129687,-196.674215055834
"877",877,0.000514182083982898,0.00449703736281837,-196.654816258021
"878",878,0.000708759868944821,0.00411791903506227,-196.530316105725
"879",879,0.00115243408426283,0.00467748667521499,-198.179039357865
"880",880,0.000514297755790607,0.00255469470731072,-201.106207893308
"881",881,0.000322844328267467,0.00402142892609069,-197.120696041349
"882",882,0.00108617266778581,0.00434806074066006,-197.701560813535
"883",883,0.00104822536929933,0.00377006561800841,-197.856537132196
"884",884,0.000898443541178952,0.00485495337750497,-197.526955682816
"885",885,0.000953757068493684,0.00337642565805123,-198.289592184094
"886",886,0.000405808146843031,0.00343975450092866,-197.340621553153
"887",887,0.000348820500276013,0.00381373813647151,-197.047916132893
"888",888,0.000593843346479224,0.00394417849360079,-196.458658436576
"889",889,0.000869048153656428,0.00446635488805373,-197.006402083057
"890",890,0.000486596384404096,0.00394815420367828,-196.510629492835
"891",891,0.000310747454304618,0.00421397959555089,-197.242327830689
"892",892,0.000723058728359511,0.00456642671164356,-196.776855632398
"893",893,0.000589085590249423,0.00404654167582015,-196.420158374202
"894",894,0.000624993005082927,0.00405253383592168,-196.436925089904
"895",895,0.000541941771911709,0.00443387233780226,-196.565691772175
"896",896,0.000842181335089445,0.00506196125557648,-197.753948748075
"897",897,0.000689388644749055,0.00517886055577499,-197.776013791856
"898",898,0.000469123406515266,0.00424060948406236,-196.544301819421
"899",899,0.000196176335851757,0.00422635946772974,-198.55554408008
"900",900,0.00111289765502807,0.00424676835011345,-197.801309044912
"901",901,0.00034274191989961,0.00353263077355106,-197.434043564452
"902",902,0.000330769707233772,0.00480489846990121,-197.781773739853
"903",903,0.000470438596983487,0.00483323422330743,-197.214354961107
"904",904,0.000596285145382702,0.00350758198665212,-197.00733802963
"905",905,0.000645140836072315,0.00445844276411311,-196.587289411373
"906",906,0.000812406862853828,0.00366217612007239,-197.149331519118
"907",907,0.000640843086416481,0.00400944274425475,-196.462895310697
"908",908,0.000712358232608354,0.00435921114495965,-196.594085282809
"909",909,0.000583667521062037,0.00428005459070719,-196.448803926919
"910",910,0.000952881887176646,0.00384876205177351,-197.371785871489
"911",911,0.000718937025514588,0.00384548804182299,-196.6842319624
"912",912,0.000496485041141311,0.00433214425542953,-196.542499027891
"913",913,0.00107182794311292,0.00417830367904802,-197.636530753741
"914",914,0.000617912953241696,0.00408951716929897,-196.426208889637
"915",915,0.000975065696034504,0.00392860769836332,-197.378568832792
"916",916,0.000384044999094019,0.00398083924450866,-196.789232600922
"917",917,0.000582179570965008,0.00455999303213918,-196.671367622333
"918",918,0.000603361791210559,0.00372309052147906,-196.658196462256
"919",919,0.000469508047221001,0.00347857263081341,-197.107103116306
"920",920,0.000762147747149536,0.00381811859736974,-196.80634769909
"921",921,0.000484370560771635,0.00384613254007436,-196.574058111364
"922",922,0.000425708902666899,0.00350313288887116,-197.150707938832
"923",923,0.000689382816017795,0.00366973045073247,-196.841196706718
"924",924,0.000589060957173493,0.00455608994084864,-196.665832808921
"925",925,0.00104229434099141,0.00511629108592336,-198.415019185925
"926",926,0.000960263678074044,0.0045042460163922,-197.312298736935
"927",927,0.000791168918519473,0.00384593135407529,-196.851562583998
"928",928,0.000400622297856,0.00359236664814781,-197.071856298778
"929",929,0.000621895929981124,0.00493086234161046,-197.230591004949
"930",930,0.00115042230756507,0.00391062662320284,-198.14335133905
"931",931,0.000360001797660551,0.00362631039738054,-197.192968650065
"932",932,0.000486521736719691,0.00487386902433009,-197.251251927303
"933",933,0.000520557688190328,0.0042256170396338,-196.458557960929
"934",934,0.000503113587064846,0.0043074876824596,-196.517585735418
"935",935,0.000873689631136956,0.00435693956259895,-196.957225596399
"936",936,0.00088727662998761,0.00455168322322858,-197.125727773851
"937",937,0.000464629379071928,0.00424195586372992,-196.554626002736
"938",938,0.000701043117222034,0.00399193118209755,-196.55099999056
"939",939,0.000668565211516557,0.00355752768869609,-196.996641963101
"940",940,0.000506729909270601,0.00469381374685045,-196.912968608284
"941",941,0.000957536936038475,0.00452800163597595,-197.321285624499
"942",942,0.000339623099432238,0.00413745356767371,-197.018982604374
"943",943,0.000659001959162967,0.00439465909142329,-196.549859310566
"944",944,0.000857440521455944,0.00426952485921188,-196.882213829418
"945",945,0.000474768240628086,0.00438733083291723,-196.62180306455
"946",946,0.000479753515170437,0.00360943263736887,-196.853759038076
"947",947,0.00122070769146621,0.00547864418157448,-199.839370860478
"948",948,0.000396023521118724,0.00402293380415662,-196.731046158466
"949",949,0.000612889596651508,0.00357880573844688,-196.884776970733
"950",950,0.000614261855371521,0.00358266753766772,-196.879194974189
"951",951,0.0007703654805341,0.00448384602474434,-196.782783432973
"952",952,0.000659839885847132,0.00477259758398917,-196.974545625405
"953",953,0.000515006006258287,0.00553241841071866,-198.794041852058
"954",954,0.000533598052721276,0.00527218748206186,-198.046460501655
"955",955,0.000560433619052086,0.00537944992795055,-198.293068114215
"956",956,0.00104947836129339,0.004861001782084,-198.008454875986
"957",957,0.000852750263126787,0.00446256526662859,-196.959401291455
"958",958,0.00107978286065367,0.00430080303011336,-197.666327198641
"959",959,0.000726208583784084,0.00473517012100787,-196.989032041233
"960",960,0.000704486086948411,0.00404647370201382,-196.536595877169
"961",961,0.000544402288326487,0.00473633209389604,-196.929051186243
"962",962,0.000367535291717389,0.00323363105455437,-198.024632746058
"963",963,0.000850779191263008,0.00355009011660393,-197.477131354991
"964",964,0.000493798615468666,0.00304796415384595,-198.382306992328
"965",965,0.00061076547701624,0.00441277331730072,-196.533103162844
"966",966,0.00108632078832774,0.00435122509642279,-197.70297835646
"967",967,0.00107356971784972,0.00483404004236741,-198.057077913992
"968",968,0.000389565353613968,0.00406839913440758,-196.754242772241
"969",969,0.000660975602783569,0.00385826945179933,-196.576160823045
"970",970,0.000580006669488548,0.00406195931128509,-196.415797667721
"971",971,0.000528656124285713,0.00422515896513838,-196.450677343785
"972",972,0.000755807582309451,0.00404304141445901,-196.637381103237
"973",973,0.00071960384293851,0.00514977378493503,-197.737540628682
"974",974,0.000395435086364613,0.0051824372336249,-198.22305469138
"975",975,0.000851614012554902,0.00333663393433641,-198.014997147743
"976",976,0.000669746117905016,0.00416430505439226,-196.473312144798
"977",977,0.000782590226045342,0.00372128463085606,-196.976329388067
"978",978,0.00102973960645716,0.00443521729906136,-197.514774035269
"979",979,0.000509146284923191,0.00424802006278175,-196.480143030238
"980",980,0.000563293763225761,0.00423866684902661,-196.435291875014
"981",981,0.00059814738570413,0.00378446741946077,-196.584562420745
"982",982,0.000617271615831841,0.00359147278711204,-196.866628040396
"983",983,0.000623670850662013,0.00355079815659118,-196.94738399593
"984",984,0.000341338418179061,0.00345530408784745,-197.590355738933
"985",985,0.000469309960139145,0.00479760598288205,-197.154797910622
"986",986,0.000494269570317865,0.00331942233330504,-197.460292814184
"987",987,0.00058002341890166,0.00345434053431027,-197.111240879775
"988",988,0.000721216957403412,0.00463639498442963,-196.852771462268
"989",989,0.000874505534233818,0.00506253011727163,-197.828562271311
"990",990,0.000749170091513144,0.00290972410723371,-199.364456831896
"991",991,0.000317401853882544,0.0039434189153476,-197.175353167203
"992",992,0.00092026241476065,0.00452666182538269,-197.201810761247
"993",993,0.000398653415483793,0.00428907205766894,-196.783117040894
"994",994,0.000864734163712108,0.00511854413896486,-197.918025931219
"995",995,0.000856058300753405,0.00352694410998761,-197.543969640012
"996",996,0.000327703936109227,0.00392701720109411,-197.110934687966
"997",997,0.000887046472663113,0.00467170552776209,-197.248420989172
"998",998,0.00123043532110499,0.0044562817287424,-198.361254651657
"999",999,0.00109057765056114,0.00398455076309594,-197.807038611101
"1000",1000,0.000428774058775613,0.00413877928969748,-196.618090260244
